category,clip_id,method,method_status,processed_frames,elapsed_seconds,corner_rmse_px,quad_iou,aspect_relative_error,geometry_status,geometry_reason,translation_px,rotation_abs_deg,scale_abs_delta,temporal_status,temporal_reason,detail_status,detail_reason,frequency_status,frequency_reason
hard,hard_01,proposed,ok,300,36.10284979999415,191.82797813415527,0.8486554019093623,0.03210842198192434,ok,,0.026402502109331445,8.753302258629587e-05,5.828522185010015e-06,ok,,missing,missing metric json,missing,missing metric json
hard,hard_01,no_reliability_gates,ok,300,36.62469319999218,35.62507629394531,0.9683316124772136,0.001889309896139287,ok,,6.16479662034398,0.06254447008367439,0.003551450651550578,ok,,missing,missing metric json,missing,missing metric json
hard,hard_01,no_trajectory_smoothing,ok,300,34.979869500006316,191.82782173156738,0.8486554019093623,0.032108338502069365,ok,,0.040022547759924317,0.0001770470013818471,1.4362033369130778e-05,ok,,missing,missing metric json,missing,missing metric json
hard,hard_01,no_offline_repair,ok,300,35.7985042000073,191.82797813415527,0.8486554019093623,0.03210842198192434,ok,,0.026402502109331445,8.753302258629587e-05,5.828522185010015e-06,ok,,missing,missing metric json,missing,missing metric json
hard,hard_02,proposed,ok,300,35.807807799981674,191.82797813415527,0.8486554019093623,0.03210842198192434,ok,,0.026402502109331445,8.753302258629587e-05,5.828522185010015e-06,ok,,missing,missing metric json,missing,missing metric json
hard,hard_02,no_reliability_gates,ok,300,36.3075797999918,35.62507629394531,0.9683316124772136,0.001889309896139287,ok,,6.16479662034398,0.06254447008367439,0.003551450651550578,ok,,missing,missing metric json,missing,missing metric json
hard,hard_02,no_trajectory_smoothing,ok,300,35.73340569998254,191.82782173156738,0.8486554019093623,0.032108338502069365,ok,,0.040022547759924317,0.0001770470013818471,1.4362033369130778e-05,ok,,missing,missing metric json,missing,missing metric json
hard,hard_02,no_offline_repair,ok,300,35.5229498000117,191.82797813415527,0.8486554019093623,0.03210842198192434,ok,,0.026402502109331445,8.753302258629587e-05,5.828522185010015e-06,ok,,missing,missing metric json,missing,missing metric json
screen_video,screen_video_01,proposed,ok,300,40.560777600010624,2.6873496770858765,0.9973570640010823,0.0004902921891761421,ok,,3.2569149896142906,0.013685249323533542,0.0006321088139551159,ok,,missing,missing metric json,missing,missing metric json
screen_video,screen_video_01,no_reliability_gates,ok,300,34.23392809997313,2.6972442269325256,0.9973306299750683,0.0004903066791598306,ok,,3.2512705699993107,0.013640009353380715,0.000624101481647973,ok,,missing,missing metric json,missing,missing metric json
screen_video,screen_video_01,no_trajectory_smoothing,ok,300,39.14881230000174,2.5310176014900208,0.9972288228743293,0.0004221997188740047,ok,,3.403478421741136,0.014484411009219949,0.0007505450434416847,ok,,missing,missing metric json,missing,missing metric json
screen_video,screen_video_01,no_offline_repair,ok,300,40.240964900003746,2.6873496770858765,0.9973570640010823,0.0004902921891761421,ok,,3.2569149896142906,0.013685249323533542,0.0006321088139551159,ok,,missing,missing metric json,missing,missing metric json
screen_video,screen_video_02,proposed,ok,300,39.07441739999922,3.560397446155548,0.9966927856169095,0.0013714906460069675,ok,,4.45208077639421,0.011390975037672448,0.0006426871588317369,ok,,missing,missing metric json,missing,missing metric json
screen_video,screen_video_02,no_reliability_gates,ok,300,33.670438800007105,3.6414000391960144,0.9965347030754457,0.0012801996583639524,ok,,4.443117487390083,0.011302811840060186,0.0006257981255054921,ok,,missing,missing metric json,missing,missing metric json
screen_video,screen_video_02,no_trajectory_smoothing,ok,300,37.96566859999439,2.7877009212970734,0.997697713880193,0.0013423531237509482,ok,,4.715269219726562,0.012975475165076585,0.0008051163085849675,ok,,missing,missing metric json,missing,missing metric json
screen_video,screen_video_02,no_offline_repair,ok,300,38.72211959998822,3.560397446155548,0.9966927856169095,0.0013714906460069675,ok,,4.45208077639421,0.011390975037672448,0.0006426871588317369,ok,,missing,missing metric json,missing,missing metric json
scrolling,scrolling_01,proposed,ok,299,38.7904771999747,578.3390960693359,0.5642031242263417,0.018477695126684568,ok,,3.228341121396104,0.0024403382874887587,0.0002571039704541989,ok,,missing,missing metric json,missing,missing metric json
scrolling,scrolling_01,no_reliability_gates,ok,299,36.11609190001036,662.8655319213867,0.5135963814942528,0.017851447664575075,ok,,5.244586050352223,0.0034790122973916175,0.0007957823134129786,ok,,missing,missing metric json,missing,missing metric json
scrolling,scrolling_01,no_trajectory_smoothing,ok,299,42.14427010001964,579.5413665771484,0.5638277638257717,0.019066077840254696,ok,,3.6676703711993204,0.007066864708547482,0.0008656914756822087,ok,,missing,missing metric json,missing,missing metric json
scrolling,scrolling_01,no_offline_repair,ok,299,39.68353619999834,578.2185668945312,0.5642707295569482,0.018505630042791304,ok,,3.228989315829859,0.002436798784845475,0.0002592209172450044,ok,,missing,missing metric json,missing,missing metric json
scrolling,scrolling_02,proposed,ok,300,38.62727120000636,801.4821014404297,0.4432346335653137,0.019035230274959174,ok,,3.9796767357735274,0.012649198361346214,0.0003849010653207972,ok,,missing,missing metric json,missing,missing metric json
scrolling,scrolling_02,no_reliability_gates,ok,300,42.31280049998895,882.925537109375,0.3890721865218445,0.025913560794911167,ok,,8.076172360210414,0.025112298658302775,0.002175588254710468,ok,,missing,missing metric json,missing,missing metric json
scrolling,scrolling_02,no_trajectory_smoothing,ok,300,38.31289580001612,801.8308181762695,0.4434625555203253,0.01940626861238876,ok,,4.057006146521213,0.012743654179597793,0.000523029105071363,ok,,missing,missing metric json,missing,missing metric json
scrolling,scrolling_02,no_offline_repair,ok,300,40.093774299981305,801.4821014404297,0.4432346335653137,0.019035230274959174,ok,,3.9796767357735274,0.012649198361346214,0.0003849010653207972,ok,,missing,missing metric json,missing,missing metric json
static,static_01,proposed,ok,300,38.599535500019556,3.43719345331192,0.9957726298166587,0.001015183163570894,ok,,5.162153390110322,0.026958651272075574,0.001348902039529766,ok,,missing,missing metric json,missing,missing metric json
static,static_01,no_reliability_gates,ok,300,32.0340903000033,3.460717797279358,0.9956886073824545,0.000980628745346848,ok,,5.160590144592069,0.02698995560990407,0.0013483077100897318,ok,,missing,missing metric json,missing,missing metric json
static,static_01,no_trajectory_smoothing,ok,300,39.619865299988305,2.9173781871795654,0.9964474674707164,0.0009387531132493635,ok,,5.303777273316265,0.02754608964746147,0.001379715365898889,ok,,missing,missing metric json,missing,missing metric json
static,static_01,no_offline_repair,ok,300,38.76671229998465,3.43719345331192,0.9957726298166587,0.001015183163570894,ok,,5.162153390110322,0.026958651272075574,0.001348902039529766,ok,,missing,missing metric json,missing,missing metric json
static,static_02,proposed,ok,300,39.70953009999357,1.9141537845134735,0.997949995910165,0.00033516984200746865,ok,,2.6438370692994666,0.007758288445037944,0.0005421292044297332,ok,,missing,missing metric json,missing,missing metric json
static,static_02,no_reliability_gates,ok,300,34.279711500013946,1.9077427387237549,0.9979735218817157,0.00033780705638597697,ok,,2.6430953670099853,0.007776688171604296,0.0005423864212545573,ok,,missing,missing metric json,missing,missing metric json
static,static_02,no_trajectory_smoothing,ok,300,37.580363999994006,1.7943862974643707,0.9984202897972365,0.00038884930794718775,ok,,2.7316352299375164,0.008363075148349637,0.0005819399295765347,ok,,missing,missing metric json,missing,missing metric json
static,static_02,no_offline_repair,ok,300,38.45478150001145,1.9141537845134735,0.997949995910165,0.00033516984200746865,ok,,2.6438370692994666,0.007758288445037944,0.0005421292044297332,ok,,missing,missing metric json,missing,missing metric json
weak_border,weak_border_01,proposed,ok,300,35.11097219999647,206.26935958862305,0.8186776252966962,0.008318676726412606,ok,,0.028793279052015962,0.00025203535321354344,1.9175729829816463e-05,ok,,missing,missing metric json,missing,missing metric json
weak_border,weak_border_01,no_reliability_gates,ok,300,35.922938300005626,41.888391971588135,0.9664285122976135,0.007798461172852801,ok,,3.250987030430626,0.022412877324952955,0.001832467898451921,ok,,missing,missing metric json,missing,missing metric json
weak_border,weak_border_01,no_trajectory_smoothing,ok,300,35.29986570001347,206.2693328857422,0.8186776252966962,0.008318760422766823,ok,,0.23843966451659646,0.0008372952652023135,0.00014999891518314252,ok,,missing,missing metric json,missing,missing metric json
weak_border,weak_border_01,no_offline_repair,ok,300,36.116411800001515,206.26935958862305,0.8186776252966962,0.008318676726412606,ok,,0.028793279052015962,0.00025203535321354344,1.9175729829816463e-05,ok,,missing,missing metric json,missing,missing metric json
weak_border,weak_border_02,proposed,ok,300,31.299062099977164,126.04499816894531,0.8926742158832729,0.007948878868291947,ok,,0.005159921158934343,0.00015087311161891684,7.86944695099665e-07,ok,,missing,missing metric json,missing,missing metric json
weak_border,weak_border_02,no_reliability_gates,ok,300,31.089709299994865,49.84101152420044,0.9604570317694279,0.009269827121531671,ok,,10.413920689556923,0.039117234266296215,0.007066686113801313,ok,,missing,missing metric json,missing,missing metric json
weak_border,weak_border_02,no_trajectory_smoothing,ok,300,29.263439400005154,126.04494094848633,0.8926742158832729,0.007948766807080685,ok,,0.009284678548766292,0.00027215343524354083,1.4258027524962978e-06,ok,,missing,missing metric json,missing,missing metric json
weak_border,weak_border_02,no_offline_repair,ok,300,31.187284799991176,126.04499816894531,0.8926742158832729,0.007948878868291947,ok,,0.005159921158934343,0.00015087311161891684,7.86944695099665e-07,ok,,missing,missing metric json,missing,missing metric json
