category,clip_id,method,metric,status,reason,annotation_frames,estimate_frames,matched_frames,rows,ok_rows,corner_rmse_px_mean,corner_rmse_px_p50,corner_rmse_px_p95,corner_rmse_px_max,corner_mean_px_mean,corner_mean_px_p50,corner_mean_px_p95,corner_mean_px_max,corner_max_px_mean,corner_max_px_p50,corner_max_px_p95,corner_max_px_max,quad_iou_mean,quad_iou_p50,quad_iou_p95,quad_iou_max,aspect_abs_error_mean,aspect_abs_error_p50,aspect_abs_error_p95,aspect_abs_error_max,aspect_relative_error_mean,aspect_relative_error_p50,aspect_relative_error_p95,aspect_relative_error_max,initialization_frame_excluded
hard,hard_01,frame_wise,geometry,ok,,4,300,4,4,4,8.977789044380188,9.62011432647705,10.335507440567017,10.375409126281738,8.201722145080566,8.594258308410645,9.457684803009032,9.575850486755371,13.221432209014893,13.222346305847168,17.352146530151366,17.924320220947266,0.9911906175502105,0.9907034459734928,0.9929137630886966,0.993279157957325,0.0055053914588866215,0.005379765334721509,0.007616429846576011,0.007954808598639174,0.0031618828697056066,0.0030789908265137457,0.004337504598006956,0.004541861859741589,True
hard,hard_01,optical_flow,geometry,ok,,4,300,4,4,4,27.789369106292725,24.90376853942871,44.58370084762573,47.75785446166992,23.79839062690735,20.79117774963379,39.223677158355706,42.07871627807617,45.22446632385254,41.742374420166016,69.3746124267578,73.8990707397461,0.9782555225582605,0.9820106238828372,0.9898152983707363,0.9903856553585394,0.014488268611912658,0.015571972475775242,0.020357657915684658,0.02061366565331424,0.00835693735278955,0.008875311963675525,0.011901054990266178,0.012139775642885636,True
hard,hard_01,proposed,geometry,ok,,4,300,4,4,4,191.82797813415527,172.26799774169922,291.0158508300781,306.137451171875,174.4897518157959,156.0461196899414,267.31165847778317,282.3852233886719,254.3366928100586,233.38224029541016,383.0447387695312,400.58935546875,0.8486554019093623,0.855956078907548,0.8953341360193757,0.8984993717478659,0.05487217568562597,0.0625499258452451,0.08961065674160437,0.08976197469297853,0.03210842198192434,0.036494904195422666,0.05276874710409726,0.052862516175522546,True
hard,hard_02,frame_wise,geometry,ok,,4,300,4,4,4,8.977789044380188,9.62011432647705,10.335507440567017,10.375409126281738,8.201722145080566,8.594258308410645,9.457684803009032,9.575850486755371,13.221432209014893,13.222346305847168,17.352146530151366,17.924320220947266,0.9911906175502105,0.9907034459734928,0.9929137630886966,0.993279157957325,0.0055053914588866215,0.005379765334721509,0.007616429846576011,0.007954808598639174,0.0031618828697056066,0.0030789908265137457,0.004337504598006956,0.004541861859741589,True
hard,hard_02,optical_flow,geometry,ok,,4,300,4,4,4,27.789369106292725,24.90376853942871,44.58370084762573,47.75785446166992,23.79839062690735,20.79117774963379,39.223677158355706,42.07871627807617,45.22446632385254,41.742374420166016,69.3746124267578,73.8990707397461,0.9782555225582605,0.9820106238828372,0.9898152983707363,0.9903856553585394,0.014488268611912658,0.015571972475775242,0.020357657915684658,0.02061366565331424,0.00835693735278955,0.008875311963675525,0.011901054990266178,0.012139775642885636,True
hard,hard_02,proposed,geometry,ok,,4,300,4,4,4,191.82797813415527,172.26799774169922,291.0158508300781,306.137451171875,174.4897518157959,156.0461196899414,267.31165847778317,282.3852233886719,254.3366928100586,233.38224029541016,383.0447387695312,400.58935546875,0.8486554019093623,0.855956078907548,0.8953341360193757,0.8984993717478659,0.05487217568562597,0.0625499258452451,0.08961065674160437,0.08976197469297853,0.03210842198192434,0.036494904195422666,0.05276874710409726,0.052862516175522546,True
hard,hard_03,frame_wise,geometry,ok,,4,300,4,4,4,8.977789044380188,9.62011432647705,10.335507440567017,10.375409126281738,8.201722145080566,8.594258308410645,9.457684803009032,9.575850486755371,13.221432209014893,13.222346305847168,17.352146530151366,17.924320220947266,0.9911906175502105,0.9907034459734928,0.9929137630886966,0.993279157957325,0.0055053914588866215,0.005379765334721509,0.007616429846576011,0.007954808598639174,0.0031618828697056066,0.0030789908265137457,0.004337504598006956,0.004541861859741589,True
hard,hard_03,optical_flow,geometry,ok,,4,300,4,4,4,27.789369106292725,24.90376853942871,44.58370084762573,47.75785446166992,23.79839062690735,20.79117774963379,39.223677158355706,42.07871627807617,45.22446632385254,41.742374420166016,69.3746124267578,73.8990707397461,0.9782555225582605,0.9820106238828372,0.9898152983707363,0.9903856553585394,0.014488268611912658,0.015571972475775242,0.020357657915684658,0.02061366565331424,0.00835693735278955,0.008875311963675525,0.011901054990266178,0.012139775642885636,True
hard,hard_03,proposed,geometry,ok,,4,300,4,4,4,191.82797813415527,172.26799774169922,291.0158508300781,306.137451171875,174.4897518157959,156.0461196899414,267.31165847778317,282.3852233886719,254.3366928100586,233.38224029541016,383.0447387695312,400.58935546875,0.8486554019093623,0.855956078907548,0.8953341360193757,0.8984993717478659,0.05487217568562597,0.0625499258452451,0.08961065674160437,0.08976197469297853,0.03210842198192434,0.036494904195422666,0.05276874710409726,0.052862516175522546,True
hard,hard_04,frame_wise,geometry,ok,,4,300,4,4,4,8.977789044380188,9.62011432647705,10.335507440567017,10.375409126281738,8.201722145080566,8.594258308410645,9.457684803009032,9.575850486755371,13.221432209014893,13.222346305847168,17.352146530151366,17.924320220947266,0.9911906175502105,0.9907034459734928,0.9929137630886966,0.993279157957325,0.0055053914588866215,0.005379765334721509,0.007616429846576011,0.007954808598639174,0.0031618828697056066,0.0030789908265137457,0.004337504598006956,0.004541861859741589,True
hard,hard_04,optical_flow,geometry,ok,,4,300,4,4,4,27.789369106292725,24.90376853942871,44.58370084762573,47.75785446166992,23.79839062690735,20.79117774963379,39.223677158355706,42.07871627807617,45.22446632385254,41.742374420166016,69.3746124267578,73.8990707397461,0.9782555225582605,0.9820106238828372,0.9898152983707363,0.9903856553585394,0.014488268611912658,0.015571972475775242,0.020357657915684658,0.02061366565331424,0.00835693735278955,0.008875311963675525,0.011901054990266178,0.012139775642885636,True
hard,hard_04,proposed,geometry,ok,,4,300,4,4,4,191.82797813415527,172.26799774169922,291.0158508300781,306.137451171875,174.4897518157959,156.0461196899414,267.31165847778317,282.3852233886719,254.3366928100586,233.38224029541016,383.0447387695312,400.58935546875,0.8486554019093623,0.855956078907548,0.8953341360193757,0.8984993717478659,0.05487217568562597,0.0625499258452451,0.08961065674160437,0.08976197469297853,0.03210842198192434,0.036494904195422666,0.05276874710409726,0.052862516175522546,True
hard,hard_05,frame_wise,geometry,ok,,4,300,4,4,4,8.977789044380188,9.62011432647705,10.335507440567017,10.375409126281738,8.201722145080566,8.594258308410645,9.457684803009032,9.575850486755371,13.221432209014893,13.222346305847168,17.352146530151366,17.924320220947266,0.9911906175502105,0.9907034459734928,0.9929137630886966,0.993279157957325,0.0055053914588866215,0.005379765334721509,0.007616429846576011,0.007954808598639174,0.0031618828697056066,0.0030789908265137457,0.004337504598006956,0.004541861859741589,True
hard,hard_05,optical_flow,geometry,ok,,4,300,4,4,4,27.789369106292725,24.90376853942871,44.58370084762573,47.75785446166992,23.79839062690735,20.79117774963379,39.223677158355706,42.07871627807617,45.22446632385254,41.742374420166016,69.3746124267578,73.8990707397461,0.9782555225582605,0.9820106238828372,0.9898152983707363,0.9903856553585394,0.014488268611912658,0.015571972475775242,0.020357657915684658,0.02061366565331424,0.00835693735278955,0.008875311963675525,0.011901054990266178,0.012139775642885636,True
hard,hard_05,proposed,geometry,ok,,4,300,4,4,4,191.82797813415527,172.26799774169922,291.0158508300781,306.137451171875,174.4897518157959,156.0461196899414,267.31165847778317,282.3852233886719,254.3366928100586,233.38224029541016,383.0447387695312,400.58935546875,0.8486554019093623,0.855956078907548,0.8953341360193757,0.8984993717478659,0.05487217568562597,0.0625499258452451,0.08961065674160437,0.08976197469297853,0.03210842198192434,0.036494904195422666,0.05276874710409726,0.052862516175522546,True
hard,hard_06,frame_wise,geometry,ok,,4,300,4,4,4,8.977789044380188,9.62011432647705,10.335507440567017,10.375409126281738,8.201722145080566,8.594258308410645,9.457684803009032,9.575850486755371,13.221432209014893,13.222346305847168,17.352146530151366,17.924320220947266,0.9911906175502105,0.9907034459734928,0.9929137630886966,0.993279157957325,0.0055053914588866215,0.005379765334721509,0.007616429846576011,0.007954808598639174,0.0031618828697056066,0.0030789908265137457,0.004337504598006956,0.004541861859741589,True
hard,hard_06,optical_flow,geometry,ok,,4,300,4,4,4,27.789369106292725,24.90376853942871,44.58370084762573,47.75785446166992,23.79839062690735,20.79117774963379,39.223677158355706,42.07871627807617,45.22446632385254,41.742374420166016,69.3746124267578,73.8990707397461,0.9782555225582605,0.9820106238828372,0.9898152983707363,0.9903856553585394,0.014488268611912658,0.015571972475775242,0.020357657915684658,0.02061366565331424,0.00835693735278955,0.008875311963675525,0.011901054990266178,0.012139775642885636,True
hard,hard_06,proposed,geometry,ok,,4,300,4,4,4,191.82797813415527,172.26799774169922,291.0158508300781,306.137451171875,174.4897518157959,156.0461196899414,267.31165847778317,282.3852233886719,254.3366928100586,233.38224029541016,383.0447387695312,400.58935546875,0.8486554019093623,0.855956078907548,0.8953341360193757,0.8984993717478659,0.05487217568562597,0.0625499258452451,0.08961065674160437,0.08976197469297853,0.03210842198192434,0.036494904195422666,0.05276874710409726,0.052862516175522546,True
hard,hard_07,frame_wise,geometry,ok,,4,300,4,4,4,8.977789044380188,9.62011432647705,10.335507440567017,10.375409126281738,8.201722145080566,8.594258308410645,9.457684803009032,9.575850486755371,13.221432209014893,13.222346305847168,17.352146530151366,17.924320220947266,0.9911906175502105,0.9907034459734928,0.9929137630886966,0.993279157957325,0.0055053914588866215,0.005379765334721509,0.007616429846576011,0.007954808598639174,0.0031618828697056066,0.0030789908265137457,0.004337504598006956,0.004541861859741589,True
hard,hard_07,optical_flow,geometry,ok,,4,300,4,4,4,27.789369106292725,24.90376853942871,44.58370084762573,47.75785446166992,23.79839062690735,20.79117774963379,39.223677158355706,42.07871627807617,45.22446632385254,41.742374420166016,69.3746124267578,73.8990707397461,0.9782555225582605,0.9820106238828372,0.9898152983707363,0.9903856553585394,0.014488268611912658,0.015571972475775242,0.020357657915684658,0.02061366565331424,0.00835693735278955,0.008875311963675525,0.011901054990266178,0.012139775642885636,True
hard,hard_07,proposed,geometry,ok,,4,300,4,4,4,191.82797813415527,172.26799774169922,291.0158508300781,306.137451171875,174.4897518157959,156.0461196899414,267.31165847778317,282.3852233886719,254.3366928100586,233.38224029541016,383.0447387695312,400.58935546875,0.8486554019093623,0.855956078907548,0.8953341360193757,0.8984993717478659,0.05487217568562597,0.0625499258452451,0.08961065674160437,0.08976197469297853,0.03210842198192434,0.036494904195422666,0.05276874710409726,0.052862516175522546,True
hard,hard_08,frame_wise,geometry,ok,,4,300,4,4,4,8.977789044380188,9.62011432647705,10.335507440567017,10.375409126281738,8.201722145080566,8.594258308410645,9.457684803009032,9.575850486755371,13.221432209014893,13.222346305847168,17.352146530151366,17.924320220947266,0.9911906175502105,0.9907034459734928,0.9929137630886966,0.993279157957325,0.0055053914588866215,0.005379765334721509,0.007616429846576011,0.007954808598639174,0.0031618828697056066,0.0030789908265137457,0.004337504598006956,0.004541861859741589,True
hard,hard_08,optical_flow,geometry,ok,,4,300,4,4,4,27.789369106292725,24.90376853942871,44.58370084762573,47.75785446166992,23.79839062690735,20.79117774963379,39.223677158355706,42.07871627807617,45.22446632385254,41.742374420166016,69.3746124267578,73.8990707397461,0.9782555225582605,0.9820106238828372,0.9898152983707363,0.9903856553585394,0.014488268611912658,0.015571972475775242,0.020357657915684658,0.02061366565331424,0.00835693735278955,0.008875311963675525,0.011901054990266178,0.012139775642885636,True
hard,hard_08,proposed,geometry,ok,,4,300,4,4,4,191.82797813415527,172.26799774169922,291.0158508300781,306.137451171875,174.4897518157959,156.0461196899414,267.31165847778317,282.3852233886719,254.3366928100586,233.38224029541016,383.0447387695312,400.58935546875,0.8486554019093623,0.855956078907548,0.8953341360193757,0.8984993717478659,0.05487217568562597,0.0625499258452451,0.08961065674160437,0.08976197469297853,0.03210842198192434,0.036494904195422666,0.05276874710409726,0.052862516175522546,True
hard,hard_09,frame_wise,geometry,ok,,4,300,4,4,4,8.977789044380188,9.62011432647705,10.335507440567017,10.375409126281738,8.201722145080566,8.594258308410645,9.457684803009032,9.575850486755371,13.221432209014893,13.222346305847168,17.352146530151366,17.924320220947266,0.9911906175502105,0.9907034459734928,0.9929137630886966,0.993279157957325,0.0055053914588866215,0.005379765334721509,0.007616429846576011,0.007954808598639174,0.0031618828697056066,0.0030789908265137457,0.004337504598006956,0.004541861859741589,True
hard,hard_09,optical_flow,geometry,ok,,4,300,4,4,4,27.789369106292725,24.90376853942871,44.58370084762573,47.75785446166992,23.79839062690735,20.79117774963379,39.223677158355706,42.07871627807617,45.22446632385254,41.742374420166016,69.3746124267578,73.8990707397461,0.9782555225582605,0.9820106238828372,0.9898152983707363,0.9903856553585394,0.014488268611912658,0.015571972475775242,0.020357657915684658,0.02061366565331424,0.00835693735278955,0.008875311963675525,0.011901054990266178,0.012139775642885636,True
hard,hard_09,proposed,geometry,ok,,4,300,4,4,4,191.82797813415527,172.26799774169922,291.0158508300781,306.137451171875,174.4897518157959,156.0461196899414,267.31165847778317,282.3852233886719,254.3366928100586,233.38224029541016,383.0447387695312,400.58935546875,0.8486554019093623,0.855956078907548,0.8953341360193757,0.8984993717478659,0.05487217568562597,0.0625499258452451,0.08961065674160437,0.08976197469297853,0.03210842198192434,0.036494904195422666,0.05276874710409726,0.052862516175522546,True
hard,hard_10,frame_wise,geometry,ok,,4,300,4,4,4,8.977789044380188,9.62011432647705,10.335507440567017,10.375409126281738,8.201722145080566,8.594258308410645,9.457684803009032,9.575850486755371,13.221432209014893,13.222346305847168,17.352146530151366,17.924320220947266,0.9911906175502105,0.9907034459734928,0.9929137630886966,0.993279157957325,0.0055053914588866215,0.005379765334721509,0.007616429846576011,0.007954808598639174,0.0031618828697056066,0.0030789908265137457,0.004337504598006956,0.004541861859741589,True
hard,hard_10,optical_flow,geometry,ok,,4,300,4,4,4,27.789369106292725,24.90376853942871,44.58370084762573,47.75785446166992,23.79839062690735,20.79117774963379,39.223677158355706,42.07871627807617,45.22446632385254,41.742374420166016,69.3746124267578,73.8990707397461,0.9782555225582605,0.9820106238828372,0.9898152983707363,0.9903856553585394,0.014488268611912658,0.015571972475775242,0.020357657915684658,0.02061366565331424,0.00835693735278955,0.008875311963675525,0.011901054990266178,0.012139775642885636,True
hard,hard_10,proposed,geometry,ok,,4,300,4,4,4,191.82797813415527,172.26799774169922,291.0158508300781,306.137451171875,174.4897518157959,156.0461196899414,267.31165847778317,282.3852233886719,254.3366928100586,233.38224029541016,383.0447387695312,400.58935546875,0.8486554019093623,0.855956078907548,0.8953341360193757,0.8984993717478659,0.05487217568562597,0.0625499258452451,0.08961065674160437,0.08976197469297853,0.03210842198192434,0.036494904195422666,0.05276874710409726,0.052862516175522546,True
screen_video,screen_video_01,frame_wise,geometry,ok,,4,300,4,4,4,30.396820545196533,30.66080379486084,31.092972183227538,31.149600982666016,17.90114116668701,17.893381118774414,18.361180686950682,18.395444869995117,60.239654541015625,60.9067497253418,61.912970542907715,62.05268859863281,0.9797983844258163,0.9796708654136149,0.9803966071609682,0.980474377534312,0.034306581510800904,0.0343567515370482,0.0355089614578174,0.03551551505088679,0.0195572724242454,0.019670078429364114,0.019995081203463452,0.020000085510476148,True
screen_video,screen_video_01,optical_flow,geometry,ok,,4,300,4,4,4,29.337695598602295,29.360478401184082,30.214080238342284,30.289445877075195,16.80013418197632,16.823835372924805,17.642434215545656,17.7359676361084,58.306833267211914,58.14799690246582,60.29043388366699,60.48625946044922,0.9806214963235034,0.9803461101466099,0.9815335966500331,0.9817275944483824,0.03393291700710338,0.03356876823814581,0.036778014323855836,0.03715427246039971,0.019337050720198857,0.018970240442582567,0.020728068399053116,0.020948700502987833,True
screen_video,screen_video_01,proposed,geometry,ok,,4,300,4,4,4,2.6873496770858765,2.6867507696151733,2.852820837497711,2.8745052814483643,2.4278997778892517,2.434538245201111,2.5531078457832335,2.563340902328491,3.8953322172164917,3.7932552099227905,4.362612986564636,4.438893795013428,0.9973570640010823,0.99721062489736,0.9979062680336699,0.997994282770702,0.0008509624429769991,0.0007141574324773803,0.001762745127125542,0.0018544156070363638,0.0004902921891761421,0.0004020552572729375,0.0010302975995991868,0.0010887675242663049,True
screen_video,screen_video_02,frame_wise,geometry,ok,,4,300,4,4,4,29.35742425918579,29.49661922454834,30.67282876968384,30.788692474365234,17.58631420135498,17.510526657104492,18.677316188812256,18.81808853149414,58.12105655670166,58.3179931640625,60.718919563293454,60.981937408447266,0.9796913893479868,0.9797520860938619,0.9803811229389933,0.9804791532088986,0.03661507268409686,0.036247310449516346,0.03906541022818562,0.039340506298192635,0.020845080416681223,0.020788280693527315,0.02200260090923027,0.022095486205282705,True
screen_video,screen_video_02,optical_flow,geometry,ok,,4,300,4,4,4,29.120040893554688,29.56013298034668,30.039197635650634,30.11638832092285,17.443120002746582,17.5544490814209,18.187324905395506,18.259723663330078,57.671852111816406,58.48686408996582,59.54259204864502,59.70236587524414,0.9797604522900617,0.9796227317981154,0.9803196983875494,0.9804425892860001,0.03625182429300933,0.036802158224844894,0.03764975035136191,0.03765488499561909,0.02063995568159781,0.020815139417360535,0.021482671634728306,0.021541596921255193,True
screen_video,screen_video_02,proposed,geometry,ok,,4,300,4,4,4,3.560397446155548,3.024041175842285,6.139730823040008,6.620791912078857,3.2103609442710876,2.714742660522461,5.509398138523101,5.959029674530029,5.399720728397369,4.572033762931824,9.61719558238983,10.300296783447266,0.9966927856169095,0.997298567265227,0.9985722044850585,0.9986282098890616,0.0024086689778718418,0.0024394731640721146,0.003868467889425175,0.004053761384102517,0.0013714906460069675,0.0013807519549339162,0.0022136437419558556,0.002321184891485065,True
screen_video,screen_video_03,frame_wise,geometry,ok,,4,299,4,4,4,20.76168704032898,22.76754093170166,31.237874889373778,31.255563735961914,12.281150698661804,13.047518730163574,17.29245090484619,17.39012908935547,40.741843700408936,45.17805862426758,62.37999839782715,62.424869537353516,0.9854276064635715,0.983902123380818,0.9929298636326,0.9938540160515869,0.0271978189297698,0.029195987442592553,0.0387439622125856,0.03903126829028447,0.015178998016494851,0.016267939338503585,0.02161405595620866,0.021787593019156837,True
screen_video,screen_video_03,optical_flow,geometry,ok,,4,299,4,4,4,33.426294803619385,24.676597595214844,60.79187602996825,66.67459869384766,21.045266151428223,14.389727115631104,40.452560997009265,44.654178619384766,64.24968719482422,49.00033950805664,113.51938400268553,123.9607925415039,0.9727940933995936,0.9831235562965388,0.9857523170240209,0.9857586444119971,0.051096794415653624,0.03245836278404857,0.10138311795550253,0.11283006624012537,0.028626170386449015,0.018075380100943422,0.056974694490394606,0.0634470823337916,True
screen_video,screen_video_03,proposed,geometry,ok,,4,299,4,4,4,2.0052225589752197,2.083516299724579,2.2216144442558288,2.2277045249938965,1.8306653201580048,1.8469643592834473,2.070692044496536,2.1039414405822754,2.7670578062534332,2.694345235824585,3.5621903777122497,3.686535120010376,0.9978531263854801,0.9979484392626721,0.9980072780131543,0.9980097567934306,0.0020255662438735667,0.0020446472357610324,0.003483674225496391,0.0036633406257022827,0.0011310202070894543,0.0011417670495934254,0.0019437429908837267,0.002044908560227649,True
screen_video,screen_video_04,frame_wise,geometry,ok,,4,299,4,4,4,31.62579107284546,31.46778392791748,39.14211483001709,39.24402618408203,19.800607681274414,19.492859840393066,26.222415256500245,26.629106521606445,61.374796867370605,60.202741622924805,76.19364204406737,76.95187377929688,0.9788493496672346,0.978423244045133,0.9833991487199891,0.9837883901144642,0.03348118215631796,0.03282987179607533,0.03842543397144271,0.039118828970234,0.01871547072190641,0.018388207691059193,0.021455588003622246,0.021830464152487856,True
screen_video,screen_video_04,optical_flow,geometry,ok,,4,299,4,4,4,31.98649311065674,33.93177127838135,37.956638717651366,38.05978775024414,17.931578159332275,18.81174945831299,21.060203552246094,21.11455726623535,63.75971031188965,67.6303482055664,75.76896057128906,76.0038070678711,0.979728982360504,0.9790677221270555,0.9828892959179885,0.9834383985020669,0.03727841793190856,0.038674822966405786,0.0420975301549368,0.042249597474860234,0.020837146579037177,0.02162451008854121,0.023507179628324826,0.02357760565465262,True
screen_video,screen_video_04,proposed,geometry,ok,,4,299,4,4,4,4.7801671624183655,5.075838327407837,5.855523324012756,5.955254077911377,4.56110018491745,4.9899492263793945,5.726259803771972,5.811680793762207,6.199880361557007,6.333857774734497,7.594909191131591,7.79501485824585,0.9947280162593763,0.994188813106363,0.9962886506857491,0.9966392124346164,0.001144261422710513,0.0006725930616494624,0.0025386347438997583,0.0028642148522890487,0.0006389980464550845,0.0003757891278677233,0.0014166619359824142,0.0015983898624751026,True
screen_video,screen_video_05,frame_wise,geometry,ok,,4,300,4,4,4,33.38735055923462,33.553762435913086,34.644335174560545,34.8361930847168,19.495398998260498,19.49551773071289,21.678289318084715,21.79841423034668,65.87647151947021,66.28463745117188,67.71954879760742,67.83765411376953,0.9788310014458053,0.9792843910310678,0.980557813022563,0.9806205927465524,0.03491143272200403,0.034546548809184396,0.03822821385728703,0.03847780796166056,0.019788770767013582,0.01969367805236001,0.021568225372567428,0.02166098590773362,True
screen_video,screen_video_05,optical_flow,geometry,ok,,4,300,4,4,4,33.11838340759277,32.75973129272461,34.23480453491211,34.458740234375,18.84900188446045,18.692951202392578,20.486796569824218,20.686574935913086,65.72594261169434,65.35768127441406,67.65155487060547,67.961181640625,0.9793497417850507,0.9795440740114335,0.9807725962828516,0.9809215829438097,0.034829879786894447,0.035103051838585086,0.036772491496514036,0.036857436637305785,0.01974131722852595,0.019884042430144112,0.020748052143788793,0.02074880191697414,True
screen_video,screen_video_05,proposed,geometry,ok,,4,300,4,4,4,3.1078155040740967,2.9457746744155884,3.8973684430122373,4.0514092445373535,2.8654465079307556,2.7444599866867065,3.4506610631942745,3.561282157897949,4.29666793346405,3.8682552576065063,5.857105112075805,6.170352935791016,0.9972405892005551,0.997737436108498,0.9980828391592679,0.9981025189258913,0.0014525117130981258,0.0010226546751477272,0.002770414356167882,0.003050339499379051,0.0008252930478650467,0.000574512618271526,0.0015816604717721512,0.0017435564291069924,True
screen_video,screen_video_06,frame_wise,geometry,ok,,4,300,4,4,4,56.64220607280731,21.469518661499023,157.74201335906977,180.88893127441406,54.59398835897446,18.247559547424316,155.66420364379877,179.51040649414062,69.00267934799194,35.38023281097412,178.1845819473266,200.97189331054688,0.9385537170090037,0.9763900212285417,0.9941201408829397,0.9964704662449868,0.0051972431288184184,0.005755612696504597,0.009090505994073282,0.009249572744544743,0.004020523608378219,0.004492508216510512,0.006976933529971599,0.007075368388154687,True
screen_video,screen_video_06,optical_flow,geometry,ok,,4,300,4,4,4,67.75777411460876,64.36581230163574,128.9722988128662,134.76577758789062,56.16854703426361,51.89618396759033,108.57215080261228,114.51992797851562,104.37832713127136,101.52231979370117,195.38838806152341,201.77685546875,0.9389934737571104,0.939962966828682,0.9867519031332717,0.9899222661574381,0.047526185078266,0.05265048277534967,0.08343223161333363,0.08411950709282645,0.03654170749576616,0.04064204085330693,0.06390926843147203,0.06434637769217656,True
screen_video,screen_video_06,proposed,geometry,ok,,4,300,4,4,4,174.46860122680664,183.10753631591797,262.28107833862305,269.9448547363281,167.0059461593628,177.20077514648438,253.15858001708983,260.1330261230469,227.71536445617676,233.74529266357422,343.5164627075195,354.1805114746094,0.8022799925920416,0.7859876953866519,0.9058206518189131,0.9220599536667339,0.04213753534717379,0.04450631553216433,0.054120121556936795,0.05554639476837808,0.032490473561142444,0.03433326968531645,0.04143734992134811,0.042489660492906034,True
screen_video,screen_video_07,frame_wise,geometry,ok,,4,300,4,4,4,77.89477837085724,78.2454764842987,152.45682373046876,152.6186981201172,56.3422737121582,46.88247728347778,123.19458389282225,129.18360900878906,144.79877042770386,136.22768807411194,297.94710540771484,303.64990234375,0.9285665721353176,0.9374970595944822,0.9958703586090709,0.9964361974959384,0.08149593364970331,0.08023540196215917,0.1633250281325162,0.1645707724155221,0.06251603627160657,0.061692611173628044,0.12506478312924516,0.12594729179196998,True
screen_video,screen_video_07,optical_flow,geometry,ok,,4,300,4,4,4,96.99378156661987,78.32408142089844,199.58001747131345,213.51788330078125,80.94247531890869,65.41908264160156,168.0707897186279,179.34823608398438,155.2154998779297,121.90688705444336,322.74080200195306,346.7366638183594,0.8872758159428483,0.910001012835018,0.9733299122478167,0.9767579742556822,0.05272810772764136,0.04248881676571836,0.11501893240910319,0.12281073972477796,0.04050216687628415,0.03279733663465889,0.08805702194103186,0.09398801405786802,True
screen_video,screen_video_07,proposed,geometry,ok,,4,300,4,4,4,192.8842544555664,189.68479537963867,322.409765625,325.7310791015625,180.6691780090332,172.62928009033203,307.7893081665039,312.75592041015625,255.90145683288574,251.8066520690918,429.45178070068357,436.3591003417969,0.7864538677205638,0.7938710517811669,0.9191313040587205,0.9192649764019162,0.01359372348002802,0.009456575633599251,0.027375224372222565,0.030406699051275243,0.01061827181262796,0.007286176593598474,0.02158482965169546,0.02401678625026825,True
screen_video,screen_video_08,frame_wise,geometry,ok,,4,299,4,4,4,215.28500366210938,222.01087188720703,310.75555419921875,316.79473876953125,203.57352828979492,212.5006561279297,295.4393142700195,301.941650390625,289.3223457336426,287.0364074707031,434.4310623168945,442.46075439453125,0.7794030375858245,0.7614651287058123,0.8799555374099591,0.8943614161100849,0.02209354727017898,0.018019179287323106,0.037217039314381056,0.04040478915075285,0.017027338221979667,0.013786506897775188,0.028932996818119547,0.031450701786421106,True
screen_video,screen_video_08,optical_flow,geometry,ok,,4,299,4,4,4,337.4075527191162,327.22208404541016,601.3697372436523,620.4484252929688,273.3968172073364,273.31092834472656,471.14462127685545,484.63458251953125,560.4496021270752,536.0630493164062,1031.6538482666015,1065.4075927734375,0.7740340662869726,0.7811449311257475,0.9125755430340277,0.9238974198373805,0.23026783055010264,0.18438702086538084,0.5138127187576588,0.5452581747741614,0.17574109934847437,0.14117673149319063,0.39141999665317934,0.4152209238544897,True
screen_video,screen_video_08,proposed,geometry,ok,,4,299,4,4,4,412.689453125,422.12013244628906,507.0276306152344,510.6230163574219,376.52528381347656,391.5497741699219,458.8490875244141,462.15960693359375,581.7894744873047,579.103515625,749.1036254882812,757.1337890625,0.5879664171860419,0.5733789329791906,0.6658964923077249,0.6781143922031412,0.009388331955560436,0.004539790013402878,0.023737650040460825,0.026925399876832623,0.007271372379085571,0.0034739646105308775,0.01846637986451886,0.020958473978093355,True
screen_video,screen_video_09,frame_wise,geometry,ok,,4,299,4,4,4,299.14331817626953,279.99546813964844,418.21464233398433,441.71881103515625,278.86840438842773,255.61370849609375,395.2078994750976,418.8600769042969,402.2306900024414,390.13372802734375,554.3378494262695,581.2282104492188,0.7152358407473813,0.7340029932670666,0.7766653365598154,0.7825680627023912,0.028851451472470813,0.030382107854101004,0.04939003922650937,0.05198945896247387,0.022741408650909553,0.023780813313827462,0.039248281372609356,0.041373179240896736,True
screen_video,screen_video_09,optical_flow,geometry,ok,,4,299,4,4,4,653.7207565307617,696.6792602539062,829.4615356445312,838.5564575195312,460.9510917663574,499.0425567626953,587.8600250244141,591.450439453125,1230.0763244628906,1290.4939575195312,1571.7556701660155,1601.187255859375,0.6307412187306494,0.6083263534687033,0.715694316373597,0.7341239131309878,0.03677686697787508,0.03921314740298454,0.05829535548856217,0.05876410842155666,0.028747321680733216,0.03024607060441593,0.04614049154512466,0.046764441084325224,True
screen_video,screen_video_09,proposed,geometry,ok,,4,299,4,4,4,291.8086395263672,270.10536193847656,409.92918243408195,433.7231750488281,274.5402183532715,249.14166259765625,390.2408012390136,414.09161376953125,385.76114654541016,373.8755187988281,536.7217803955077,563.6363525390625,0.7158646390105747,0.7369980670211216,0.7727477700834484,0.7773639312154765,0.022223353811975044,0.019778043752316843,0.03878597512472521,0.041385394860689706,0.017498217705374828,0.015484664394756379,0.030826792716020363,0.03293447159668473,True
screen_video,screen_video_10,frame_wise,geometry,ok,,4,300,4,4,4,122.08296471834183,111.59642219543457,255.58057479858397,261.9775085449219,92.02680695056915,89.05648148059845,185.41916122436524,187.37660217285156,207.03688883781433,163.1987020969391,470.83726654052725,497.1999816894531,0.9051165049850022,0.909999032517582,0.996139225311569,0.9963936579514646,0.03643536127752356,0.019184738861818262,0.09632329893004346,0.10671255526740864,0.02773036019313786,0.01462538171536285,0.07327110819672128,0.08116404606978275,True
screen_video,screen_video_10,optical_flow,geometry,ok,,4,300,4,4,4,160.1096019744873,178.77164459228516,207.55401763916015,208.88644409179688,119.47735118865967,133.2665901184082,156.39196853637696,157.15000915527344,267.4783420562744,296.0934600830078,351.2942657470703,354.549560546875,0.8638246550582077,0.8626397007888276,0.9129302800726065,0.9141927994527674,0.06768908801943818,0.06796126820990511,0.10463472084842321,0.10490783739116405,0.05176579544980524,0.05182629148054818,0.08027223788048307,0.08060147754246583,True
screen_video,screen_video_10,proposed,geometry,ok,,4,300,4,4,4,332.52415466308594,320.2292175292969,452.91224822998043,467.846435546875,310.48785400390625,293.43196868896484,422.6093612670898,437.81353759765625,446.47528076171875,443.5118865966797,596.007989501953,612.5062866210938,0.6840661453591407,0.6918263779224774,0.7823056777326887,0.7879263820200856,0.006153238494556013,0.005699487863826125,0.010717349842249911,0.01113107466176766,0.004693696336178368,0.004354169216846661,0.00815347143610433,0.008466136476537215,True
scrolling,scrolling_01,frame_wise,geometry,ok,,4,299,4,4,4,33.426992416381836,33.434335708618164,33.855684471130374,33.91932678222656,18.079604148864746,18.03887367248535,18.302387619018553,18.34528923034668,66.7559814453125,66.77731704711914,67.61589202880859,67.74217987060547,0.9788975372633899,0.9789943281447602,0.9793768880035365,0.9794078252305861,0.04068955017010112,0.0407827291674806,0.04210934052535441,0.0422403324567342,0.022764520218402532,0.02280500355123433,0.02360787736245937,0.02369033725316104,True
scrolling,scrolling_01,optical_flow,geometry,ok,,4,299,4,4,4,72.89779949188232,76.1143798828125,85.33652038574219,85.82942199707031,67.128737449646,71.20735168457031,80.95411987304688,81.44953918457031,114.60320472717285,117.38240432739258,127.55096588134765,128.20594787597656,0.9212515272070825,0.9160219043846137,0.9452581243538019,0.9490175908336754,0.04225954260923581,0.03908259005685066,0.053318357087460674,0.05566724795852096,0.023638385826197327,0.02189033532673003,0.029787105636084235,0.031094181777792003,True
scrolling,scrolling_01,proposed,geometry,ok,,4,299,4,4,4,578.3390960693359,635.5261077880859,839.7025665283203,842.4498901367188,577.2695236206055,634.2802124023438,838.1930084228516,840.9931030273438,619.0030708312988,681.5321044921875,897.6989074707031,899.70458984375,0.5642031242263417,0.521777521492814,0.7578810523507836,0.7834968746340483,0.03301953736605223,0.03383273706928991,0.049075656052952575,0.05041762699555252,0.018477695126684568,0.018955984998090925,0.027443171702194832,0.028181564414815573,True
scrolling,scrolling_02,frame_wise,geometry,ok,,4,300,4,4,4,30.184364318847656,30.087735176086426,31.459371471405028,31.688335418701172,16.76514959335327,16.645846366882324,17.273604774475096,17.355911254882812,60.14793395996094,59.93355369567871,62.8531078338623,63.31593322753906,0.9799873248036508,0.9799237507951328,0.980826468415518,0.9809248843111951,0.03572080101419234,0.034389042356651744,0.04035281517404707,0.04121922505081388,0.02049659610484205,0.019810765925282643,0.02294380849638047,0.023361487558989476,True
scrolling,scrolling_02,optical_flow,geometry,ok,,4,300,4,4,4,86.92357063293457,87.23045349121094,87.54652519226075,87.57836151123047,84.1771297454834,84.41390609741211,84.87499618530273,84.89759826660156,120.79952812194824,120.1146469116211,124.3000259399414,124.80999755859375,0.8971971054992888,0.8971923941878677,0.89786992186663,0.8979709071097793,0.03007010483155209,0.029800924794686212,0.03369572122400908,0.03435359727520737,0.01725192696234175,0.017162655243274056,0.0191304297952416,0.019470311107545803,True
scrolling,scrolling_02,proposed,geometry,ok,,4,300,4,4,4,801.4821014404297,918.1747741699219,925.2757781982422,926.05078125,798.7062149047852,914.7743530273438,922.0326416015625,922.734375,889.7628326416016,1016.9754638671875,1037.5716186523437,1039.507080078125,0.4432346335653137,0.3890659254712694,0.5822985246472668,0.6160212948075547,0.03318497598450171,0.028499378875643022,0.04924593064791149,0.05239353455366014,0.019035230274959174,0.016326618257237795,0.02816553475722982,0.02993294249904605,True
scrolling,scrolling_03,frame_wise,geometry,ok,,4,300,4,4,4,31.001020431518555,30.66818332672119,31.85004539489746,32.05698776245117,17.4656925201416,17.40482234954834,18.236814308166505,18.311153411865234,61.77144813537598,61.221256256103516,63.55927333831787,63.96591567993164,0.9799443292716254,0.9799680673531819,0.9806017727587728,0.9807045007170664,0.03726417791521791,0.03773954623617137,0.03976852416776936,0.04010522851213083,0.02113519439712637,0.021408915422530574,0.022429103234109446,0.022584442703634716,True
scrolling,scrolling_03,optical_flow,geometry,ok,,4,300,4,4,4,87.18231964111328,87.13146591186523,87.98562583923339,88.06864929199219,84.01905059814453,84.25631713867188,84.5286865234375,84.54239654541016,123.6354866027832,123.9877700805664,126.16372756958008,126.49822235107422,0.8976347369204656,0.8973006712172708,0.8991056354544723,0.8994199623320027,0.032981619166241816,0.032865550140654176,0.0372670524833957,0.03788466935513157,0.018701341788346933,0.01864208910036673,0.020997607341556247,0.02133398003550375,True
scrolling,scrolling_03,proposed,geometry,ok,,4,300,4,4,4,839.5300674438477,952.4237365722656,990.6341918945312,994.27685546875,836.3034210205078,948.8237915039062,987.1186340332031,990.819580078125,950.04345703125,1076.218017578125,1120.8373657226562,1123.9205322265625,0.4308743750880567,0.37365719499829664,0.596750836865959,0.6337125484426163,0.056679543202106664,0.061809555687772466,0.07357202656756646,0.07463478200765539,0.0321020925997617,0.035052147922827834,0.04145344500161483,0.042029057568898104,True
scrolling,scrolling_04,frame_wise,geometry,ok,,4,299,4,4,4,31.363702297210693,31.45680809020996,32.9074028968811,33.12766647338867,17.592203617095947,17.434311866760254,18.29048137664795,18.41004753112793,62.53392696380615,62.755531311035156,65.65059661865234,66.0931625366211,0.9793505017063038,0.9795666550192061,0.9801116678535051,0.9801853072229324,0.03941152139288068,0.038934238038734414,0.04253061617364479,0.04300955087594782,0.022198514258595495,0.021911370657084928,0.024005322053720957,0.02428338708163991,True
scrolling,scrolling_04,optical_flow,geometry,ok,,4,299,4,4,4,86.37708854675293,86.26016998291016,90.77306213378907,91.11820220947266,82.90970993041992,82.84781646728516,87.15925598144531,87.46902465820312,124.57235527038574,124.17517852783203,130.735941696167,131.34654235839844,0.8970184784183065,0.897519271877343,0.8976815573729465,0.8976856356554047,0.036886357353640375,0.036381909697616455,0.039669243355897554,0.04011399006636829,0.020776236444577864,0.02048295888023796,0.02239029097006012,0.022648540343522306,True
scrolling,scrolling_04,proposed,geometry,ok,,4,299,4,4,4,763.0918731689453,855.5612182617188,873.8589416503906,876.4159545898438,761.7915954589844,854.218994140625,872.4649383544922,875.055908203125,824.4514617919922,921.0260009765625,944.0041870117187,946.3641967773438,0.4438695802052124,0.3877147394493976,0.5953543313692141,0.631496480543489,0.044955348273020945,0.04675195740373095,0.05297303114302793,0.05371523202757822,0.025320740509926644,0.026365108647178385,0.02981066850940906,0.03022343111810803,True
scrolling,scrolling_05,frame_wise,geometry,ok,,4,299,4,4,4,32.555110454559326,32.39944267272949,33.33595218658447,33.4332275390625,17.87762451171875,17.864778518676758,18.04826955795288,18.063615798950195,64.98768711090088,64.66015815734863,66.58618392944337,66.78441619873047,0.979957553190167,0.9801172229734583,0.9803623417670964,0.9803675559439491,0.03872039167414859,0.0386780041091106,0.03975742017462721,0.03988340592459205,0.02170908385376784,0.021701105232659973,0.022271358854460743,0.022334032507458332,True
scrolling,scrolling_05,optical_flow,geometry,ok,,4,299,4,4,4,94.09410667419434,93.94036865234375,94.7289867401123,94.82513427734375,90.60271835327148,90.52225494384766,91.27834854125976,91.34161376953125,133.97821807861328,134.17652893066406,134.67049865722657,134.73606872558594,0.8964198655857483,0.8963843782361587,0.8969694149315748,0.8970199268801299,0.03325077200596227,0.032952793533674196,0.034080023955589324,0.034270415875300886,0.018642816711687667,0.018475856245708036,0.019126190435039336,0.019236942130219925,True
scrolling,scrolling_05,proposed,geometry,ok,,4,299,4,4,4,873.6701126098633,995.0614013671875,1014.0110473632812,1015.1074829101562,871.446662902832,992.5484924316406,1011.4740753173828,1012.5599365234375,961.9289398193359,1095.0508422851562,1118.6534790039063,1119.89013671875,0.47294874254205643,0.4116406378708498,0.6329280154015307,0.6699115974630266,0.05876550026178734,0.06600628140507714,0.06903546409761564,0.06930363158826225,0.03294581136433395,0.037024714636446694,0.03866437509270204,0.03880886110137288,True
scrolling,scrolling_06,frame_wise,geometry,skipped,no overlapping annotation and estimate frames,0,300,0,0,0,,,,,,,,,,,,,,,,,,,,,,,,,True
scrolling,scrolling_06,optical_flow,geometry,skipped,no overlapping annotation and estimate frames,0,300,0,0,0,,,,,,,,,,,,,,,,,,,,,,,,,True
scrolling,scrolling_06,proposed,geometry,skipped,no overlapping annotation and estimate frames,0,300,0,0,0,,,,,,,,,,,,,,,,,,,,,,,,,True
scrolling,scrolling_07,frame_wise,geometry,skipped,no overlapping annotation and estimate frames,0,300,0,0,0,,,,,,,,,,,,,,,,,,,,,,,,,True
scrolling,scrolling_07,optical_flow,geometry,skipped,no overlapping annotation and estimate frames,0,300,0,0,0,,,,,,,,,,,,,,,,,,,,,,,,,True
scrolling,scrolling_07,proposed,geometry,skipped,no overlapping annotation and estimate frames,0,300,0,0,0,,,,,,,,,,,,,,,,,,,,,,,,,True
scrolling,scrolling_08,frame_wise,geometry,skipped,no overlapping annotation and estimate frames,0,299,0,0,0,,,,,,,,,,,,,,,,,,,,,,,,,True
scrolling,scrolling_08,optical_flow,geometry,skipped,no overlapping annotation and estimate frames,0,299,0,0,0,,,,,,,,,,,,,,,,,,,,,,,,,True
scrolling,scrolling_08,proposed,geometry,skipped,no overlapping annotation and estimate frames,0,299,0,0,0,,,,,,,,,,,,,,,,,,,,,,,,,True
scrolling,scrolling_09,frame_wise,geometry,skipped,no overlapping annotation and estimate frames,0,299,0,0,0,,,,,,,,,,,,,,,,,,,,,,,,,True
scrolling,scrolling_09,optical_flow,geometry,skipped,no overlapping annotation and estimate frames,0,299,0,0,0,,,,,,,,,,,,,,,,,,,,,,,,,True
scrolling,scrolling_09,proposed,geometry,skipped,no overlapping annotation and estimate frames,0,299,0,0,0,,,,,,,,,,,,,,,,,,,,,,,,,True
scrolling,scrolling_10,frame_wise,geometry,skipped,no overlapping annotation and estimate frames,0,300,0,0,0,,,,,,,,,,,,,,,,,,,,,,,,,True
scrolling,scrolling_10,optical_flow,geometry,skipped,no overlapping annotation and estimate frames,0,300,0,0,0,,,,,,,,,,,,,,,,,,,,,,,,,True
scrolling,scrolling_10,proposed,geometry,skipped,no overlapping annotation and estimate frames,0,300,0,0,0,,,,,,,,,,,,,,,,,,,,,,,,,True
static,static_01,frame_wise,geometry,ok,,4,300,4,4,4,33.540921211242676,33.301841735839844,34.95020713806152,35.15072250366211,19.304891109466553,18.808429718017578,21.451344299316407,21.75605583190918,66.49972915649414,66.13050079345703,68.93275985717773,69.17057037353516,0.9785167072711487,0.9782973104604473,0.9798024174318598,0.9800026814033089,0.03761739510821499,0.03709314101867511,0.041516109973852675,0.042072912424162556,0.02105808153321638,0.02071864304671884,0.023049535526102862,0.02335571896793707,True
static,static_01,optical_flow,geometry,ok,,4,300,4,4,4,34.87980604171753,33.24169731140137,39.93671379089355,41.044532775878906,19.93381404876709,18.933072090148926,23.915075111389157,24.56443977355957,69.06776523590088,65.73212432861328,78.86492729187012,80.90766906738281,0.9775847086239547,0.9783229872462311,0.9798678573067192,0.9799709839739671,0.038867310555904144,0.03967871599522099,0.04258999149407403,0.04286984206566036,0.02176033061372709,0.02203634388858987,0.023882022043281246,0.02407959633721387,True
static,static_01,proposed,geometry,ok,,4,300,4,4,4,3.43719345331192,3.0105680227279663,4.836419785022735,5.1114821434021,3.269364595413208,2.8879799842834473,4.660964965820312,4.93006706237793,4.635576486587524,4.081989526748657,6.207495021820067,6.5795578956604,0.9957726298166587,0.9962755026584376,0.9966095681362347,0.9966218180897826,0.001815275205987843,0.001634955756036116,0.0031408215352095475,0.0033700960852618422,0.001015183163570894,0.0009196705281326401,0.0017486172554545027,0.001872529240144064,True
static,static_02,frame_wise,geometry,ok,,4,300,4,4,4,33.29982948303223,32.96066856384277,35.4434700012207,35.840328216552734,17.87906837463379,17.769542694091797,19.0298189163208,19.205480575561523,66.5098991394043,65.81585311889648,70.7844985961914,71.58309936523438,0.9803902612916436,0.980229190820954,0.9815741489529493,0.9817322092905338,0.03951675292073409,0.03974007282208181,0.04156532473759082,0.04179962846759744,0.0219946582211197,0.022162309141086765,0.02310362389844232,0.023231288949348096,True
static,static_02,optical_flow,geometry,ok,,4,300,4,4,4,33.704999923706055,33.74738121032715,35.083071899414065,35.149932861328125,19.003177642822266,18.502554893493652,21.451838493347168,21.907133102416992,66.7710018157959,66.2919807434082,69.75037498474121,70.21065521240234,0.9790837554783243,0.9800581169361979,0.9810764349732806,0.9812006771343921,0.0420531504698724,0.04009359565157633,0.0485065080804275,0.04998161455413319,0.023413303986784588,0.022291591437753243,0.027104228148938005,0.027949719064490515,True
static,static_02,proposed,geometry,ok,,4,300,4,4,4,1.9141537845134735,1.866866946220398,2.098409003019333,2.1307246685028076,1.7713741064071655,1.7366600036621094,1.8695820569992065,1.8925693035125732,2.8130152225494385,2.7087960243225098,3.4270773768424987,3.5130200386047363,0.997949995910165,0.9979645703382822,0.9980515360516382,0.9980557957026177,0.0006020115866823272,0.0006067096932008686,0.0007254243685263394,0.0007319215235870313,0.00033516984200746865,0.0003382113907843127,0.00040379142518155253,0.00040709536055019886,True
static,static_03,frame_wise,geometry,ok,,4,300,4,4,4,54.58325529098511,33.02727699279785,108.61973247528073,121.95021057128906,44.399776458740234,20.784496307373047,104.71646213531491,119.26942443847656,85.01323127746582,63.46898651123047,139.57933959960934,152.60302734375,0.9583444966337946,0.9764802645524979,0.9807166692930575,0.9811088164124819,0.028473497436570794,0.02974941341737558,0.042503251773602785,0.04354196225859397,0.015866806232036335,0.016674304266591423,0.02350247128310068,0.024039086025380255,True
static,static_03,optical_flow,geometry,ok,,4,300,4,4,4,21.629860162734985,25.2052001953125,34.58540019989014,34.946014404296875,13.021542489528656,14.906225681304932,20.840162563323975,21.11924934387207,42.09370368719101,48.640316009521484,68.54729118347167,69.74398040771484,0.9853473446987142,0.9835524141042966,0.9973637075665583,0.9988858781104127,0.022005230808477105,0.02256551388011452,0.04002810709857908,0.04276098081036639,0.01228901967798323,0.012594544847222892,0.022383858771680747,0.0238947761619657,True
static,static_03,proposed,geometry,ok,,4,300,4,4,4,2.621395707130432,1.925931453704834,4.975860476493835,5.412003040313721,2.4222852289676666,1.740479588508606,4.6438780307769765,5.060662269592285,3.628082811832428,2.81137216091156,6.820549678802489,7.44234037399292,0.9979910219137633,0.9985694886598104,0.9988850213181966,0.9988892635379862,0.0009798868598675514,0.0008967998602249505,0.0018219760791812975,0.0019629007894645945,0.0005474496934000024,0.0005008000861543198,0.0010187935849907922,0.0010968662108197412,True
static,static_04,frame_wise,geometry,ok,,4,296,4,4,4,250.8488712310791,171.0812759399414,568.0617523193358,628.4398193359375,211.38965129852295,151.444091796875,474.99243011474596,524.322265625,381.3144836425781,228.60047149658203,896.2157699584958,1002.640380859375,0.8053293519638742,0.8611369916907914,0.9719360587269816,0.9810847875169649,0.09637544601991571,0.09141117800841125,0.16120922082678052,0.16621913073126993,0.053356245837082414,0.05062028630118499,0.08917334970595722,0.09197368281278852,True
static,static_04,optical_flow,geometry,ok,,4,296,4,4,4,46.32094568014145,30.164092659950256,112.75061969757078,122.62334442138672,42.196716636419296,27.392715573310852,103.06073951721189,112.05504608154297,71.04665476083755,44.23843741416931,175.72514381408686,192.20936584472656,0.95068004399992,0.9679319147227381,0.9982022139459786,0.9984150929592115,0.037928558482782815,0.03795513571705389,0.07468518380166073,0.0750159789544953,0.020962200244513923,0.02100317552882504,0.04123510916545996,0.041402214376550006,True
static,static_04,proposed,geometry,ok,,4,296,4,4,4,2.632653921842575,2.66512131690979,3.3263790249824523,3.3771278858184814,2.5024037659168243,2.5624905824661255,3.108480191230774,3.129539966583252,3.5752097964286804,3.4174822568893433,4.982035040855407,5.180337905883789,0.9979896319463203,0.997962426730205,0.9987431231750536,0.9988805510814942,0.001276887511572733,0.0005063411366387216,0.0035218853821797447,0.003990628648763428,0.0007076709792621905,0.0002823878747791976,0.0019494532308690642,0.0022081261762725993,True
static,static_05,frame_wise,geometry,ok,,4,300,4,4,4,26.732105255126953,26.23740005493164,29.945322513580322,30.295307159423828,15.544245719909668,15.04745101928711,18.34161558151245,18.86341094970703,53.02275466918945,52.375627517700195,58.89458751678467,59.44160079956055,0.9807293474582175,0.9805526054785745,0.9824436117668468,0.9826115028705379,0.03481266587264614,0.03523720323113111,0.03838916380138002,0.038910245425325174,0.0195323719089422,0.01974181849526436,0.0215147984363088,0.02182649408192427,True
static,static_05,optical_flow,geometry,ok,,4,300,4,4,4,25.786438465118408,25.71629047393799,27.08146114349365,27.27340316772461,15.001847267150879,15.308803081512451,15.645270013809204,15.674528121948242,51.27492141723633,51.03631019592285,53.890670204162596,54.30817413330078,0.9809974965730195,0.981322962678179,0.9819912918594024,0.9820074791609328,0.029167764904775628,0.03475629962712523,0.039283358435238634,0.039870661854117806,0.01635589580778466,0.019477074396885265,0.022050277854896445,0.022365234541412135,True
static,static_05,proposed,geometry,ok,,4,300,4,4,4,4.1175607442855835,3.8585586547851562,5.318405628204345,5.564663887023926,3.806043326854706,3.5790222883224487,4.96359828710556,5.200296401977539,5.862681984901428,5.308424949645996,8.033641266822814,8.45084285736084,0.9949833993172497,0.9955597767610711,0.9968943511610568,0.9970558202822091,0.002106500960554092,0.0021619125674241513,0.002500865428069454,0.0025345082404557573,0.0011825583795018898,0.0012117611748416817,0.0014085515476135661,0.0014273348037074204,True
static,static_06,frame_wise,geometry,ok,,4,300,4,4,4,571.3051528930664,563.5031433105469,653.6394104003906,659.8328247070312,468.334716796875,450.30006408691406,561.5695587158202,576.6632080078125,966.8450012207031,1005.1822509765625,1123.0518859863282,1126.2835693359375,0.5483526628035496,0.5522522361527695,0.5893682688092413,0.5919728734576027,0.37921321918627815,0.40056976485315643,0.453905139968312,0.4626362262932109,0.21133622965986731,0.22339338223235927,0.25303045061126195,0.2577958788888852,True
static,static_06,optical_flow,geometry,ok,,4,300,4,4,4,232.79774856567383,239.35259246826172,256.59119720458983,256.96734619140625,191.74382400512695,196.47734832763672,209.03231887817384,209.3216552734375,373.8887405395508,388.1588592529297,424.2323272705078,425.17327880859375,0.7904209197118457,0.7831939985967911,0.8183685433413532,0.8228433674192888,0.17549404816292868,0.17904658959444442,0.1878772419652465,0.18793902217485847,0.09778898157921934,0.09961197548040884,0.10493288597670553,0.10503493615610074,True
static,static_06,proposed,geometry,ok,,4,300,4,4,4,2.6079452633857727,2.5651074647903442,3.2025829195976256,3.2941882610321045,2.344973146915436,2.276860237121582,2.958763813972473,3.049954414367676,4.018032133579254,4.220756530761719,4.88756034374237,4.98653507232666,0.997699805094259,0.997801550079269,0.997983008147685,0.9980103065132625,0.0015441864454981413,0.0014494747452599155,0.0030135654816373144,0.0031980195803917866,0.000859821317957132,0.0008063299135266813,0.0016789523288866894,0.0017820400167029961,True
static,static_07,frame_wise,geometry,ok,,3,300,3,3,3,426.50135294596356,542.9070434570312,575.9672668457031,579.640625,384.11725362141925,488.29833984375,520.2915710449219,523.8463745117188,580.0279541015625,697.8392333984375,801.6952453613281,813.2348022460938,0.6258052523817563,0.49876971686665467,0.8472524565748958,0.8859727609869226,0.3882796528606464,0.5636527955747022,0.5795276339567202,0.5812915048880556,0.22021732253334989,0.3179481528310389,0.33010990668789814,0.33146121267199363,True
static,static_07,optical_flow,geometry,ok,,3,300,3,3,3,84.49394154548645,85.62162780761719,158.17970581054686,166.24171447753906,72.37752433617909,73.5514907836914,135.53555068969726,142.42266845703125,111.26978627840678,111.31584167480469,208.59494323730468,219.4037322998047,0.9233090258810027,0.9185639294891876,0.9906307967573487,0.998638226453811,0.05737491341055915,0.05924120597694116,0.10655846136000208,0.11181593418034219,0.032485748069776325,0.033780232135079594,0.060144357041625324,0.06307370425346374,True
static,static_07,proposed,geometry,ok,,3,300,3,3,3,1.9579405387242634,2.1397852897644043,2.175181007385254,2.1791138648986816,1.8019148508707683,1.9166545867919922,2.0299618244171143,2.0425515174865723,2.8135993480682373,2.9895496368408203,3.037936472892761,3.0433127880096436,0.9984520426683418,0.9984588460583436,0.9986823081265923,0.9987071372452866,0.0009863773725036218,0.0012689806916943436,0.0014326108472745291,0.0014507919756723275,0.0005573219575891333,0.0007171093315628209,0.0008082440776483834,0.0008183701605467793,True
static,static_08,frame_wise,geometry,ok,,4,299,4,4,4,891.7305755615234,896.5091247558594,917.4296783447265,919.5414428710938,806.7552642822266,812.0872802734375,844.4445770263671,848.1636962890625,1259.8420104980469,1275.1365356445312,1367.9902282714843,1377.3082275390625,0.3301613064326456,0.3318451339532581,0.3433221054826075,0.3438031656129869,0.28746612318561504,0.2926716406873008,0.4653182748913664,0.4909802378847863,0.16031217843827017,0.16315237347514022,0.2595151849465776,0.27381972722316766,False
static,static_08,optical_flow,geometry,ok,,4,299,4,4,4,906.1813354492188,906.8114318847656,915.0603698730469,915.9058227539062,843.1784973144531,841.6575317382812,850.385464477539,851.4994506835938,1190.2405090332031,1198.2122192382812,1220.3385864257812,1223.848388671875,0.3279948331852268,0.32942823736421567,0.3313311139134621,0.33165539621362106,0.1339503548297647,0.1615134849943396,0.2039177031668432,0.2040201745852792,0.07467557747069595,0.09008498754915692,0.11360155223479781,0.11363692920425551,False
static,static_08,proposed,geometry,ok,,4,299,4,4,4,1649.7164611816406,1654.154541015625,1717.8372009277343,1719.752685546875,1393.3884582519531,1394.8289794921875,1454.0351867675781,1456.8045654296875,2270.8726806640625,2284.226318359375,2375.4880493164064,2377.865966796875,0.15710876604580545,0.1580290800868755,0.1703125128396822,0.17066193837618712,0.010939395893382775,0.011451070674842856,0.0136367790872991,0.0139803094781763,0.006101413613854874,0.006387097054432745,0.007596779153262182,0.007786874222877621,False
static,static_09,frame_wise,geometry,ok,,4,299,4,4,4,441.6129150390625,515.1621551513672,621.1042297363281,630.0634155273438,365.7941436767578,431.1568908691406,506.17833404541017,508.8363342285156,680.6393699645996,755.5209045410156,1018.0237915039062,1061.9268798828125,0.6463882052131085,0.5723107994161829,0.873302754380796,0.9191730779150247,0.290475375860273,0.33162505603457926,0.4807800060140372,0.49737620437079877,0.16490560276618407,0.18676161685774134,0.27520623576255066,0.28538791521311707,True
static,static_09,optical_flow,geometry,ok,,4,299,4,4,4,308.40106177330017,372.29017639160156,476.90746459960934,484.9517822265625,252.14910197257996,295.9003448486328,402.5760864257812,413.1175231933594,496.14166009426117,627.0090942382812,724.082080078125,724.9735107421875,0.7328724759331324,0.6802791026762813,0.9562788629986225,0.9972806205717886,0.27597598096528797,0.3275459930726794,0.43959452530695053,0.44581005052398015,0.1566593568650636,0.1845815634941835,0.25165277166109484,0.2557999353045905,True
static,static_09,proposed,geometry,ok,,4,299,4,4,4,2.2703369557857513,2.3434213399887085,2.4305290937423707,2.4418084621429443,2.07806396484375,2.1797077655792236,2.1932127714157104,2.1948888301849365,3.2756980061531067,3.4270179271698,3.5841808676719666,3.5846657752990723,0.997774063100481,0.9978791052672498,0.9983164489195092,0.9983541461891933,0.0011396951699274016,0.0012352185583696107,0.0014203878171453633,0.0014282407443038103,0.0006427357578716031,0.000700937058979102,0.0007932118232654067,0.0007966310523921258,True
static,static_10,frame_wise,geometry,ok,,4,300,4,4,4,298.0084228515625,300.52381896972656,560.3312591552734,564.7324829101562,262.0466265678406,263.05290031433105,501.71033935546876,506.3632507324219,426.63336753845215,412.9684181213379,811.9535552978515,828.6278076171875,0.7344950027015827,0.7293604553628682,0.9752839635159856,0.9808870442541805,0.32278680090905215,0.3332178709269922,0.5899540296732356,0.5932755350113528,0.1833660614127998,0.1880653786540815,0.3372559615096836,0.3397726244885418,True
static,static_10,optical_flow,geometry,ok,,4,300,4,4,4,167.78242778778076,212.44329833984375,215.8006690979004,216.1234588623047,141.58197259902954,181.6613006591797,184.48355102539062,184.79808044433594,228.83530616760254,279.9293212890625,293.7504348754883,295.95843505859375,0.8490629577127724,0.8066948730121155,0.951793300890638,0.9773058867324852,0.1368622260685814,0.1666141567454329,0.1740514697220825,0.1743727964098123,0.07731862874006475,0.09418851151294293,0.098633994756383,0.09863755676535779,True
static,static_10,proposed,geometry,ok,,4,300,4,4,4,2.760623663663864,2.2198100090026855,4.5208374619483935,4.897849082946777,2.4964592456817627,1.9999103546142578,4.014893615245819,4.360738754272461,4.103282690048218,3.4950450658798218,6.594348192214965,7.033523082733154,0.9976021997892344,0.9984295008904825,0.9987092199379961,0.9987483064684222,0.0007357368073361292,0.0004647373500821228,0.00170079209321573,0.0018787453732638237,0.00041169711300249726,0.0002600585333297239,0.0009499910951363574,0.0010495122971121693,True
weak_border,weak_border_01,frame_wise,geometry,ok,,4,300,4,4,4,287.3244438171387,312.55625915527344,341.30884246826173,344.6014404296875,282.5246467590332,307.2392883300781,335.9431457519531,339.25726318359375,342.4133834838867,372.91900634765625,408.042512512207,411.80731201171875,0.7944713091186552,0.7725183749563165,0.8481591262839339,0.8614465323768645,0.11130051145719982,0.14427864339784457,0.1461361245153477,0.14644560555839936,0.06232433254242103,0.08077831331546476,0.08185661560384504,0.08203763822159946,True
weak_border,weak_border_01,optical_flow,geometry,ok,,4,300,4,4,4,237.44573879241943,283.70548248291016,339.5210784912109,343.1475830078125,231.6834373474121,278.5102081298828,331.27098693847654,334.97705078125,288.707257270813,341.81300354003906,407.2864227294922,407.8141784667969,0.824047204155462,0.7850273682839528,0.9386014075423125,0.9622761987601374,0.1088533736890463,0.1183556762633784,0.15775611901772574,0.1612024344850791,0.06095822290830279,0.06627993450767777,0.08838307535310574,0.09030429387281473,True
weak_border,weak_border_01,proposed,geometry,ok,,4,300,4,4,4,206.26935958862305,189.8877410888672,315.22441406249993,334.8226318359375,192.66405487060547,183.17489624023438,283.5557037353515,299.32794189453125,281.96508407592773,248.10694122314453,442.2396423339843,469.6022644042969,0.8186776252966962,0.8287133255614596,0.8971238012566634,0.9041034483481952,0.01485816022345765,0.014545515928864772,0.017400200816130383,0.017616252687329137,0.008318676726412606,0.008141683967513889,0.009754224763831887,0.009876450618229345,True
weak_border,weak_border_02,frame_wise,geometry,ok,,4,300,4,4,4,2.1857484877109528,1.9667871594429016,2.9690257668495175,3.110259771347046,1.8934881687164307,1.8078760504722595,2.392549705505371,2.4511895179748535,3.6133548617362976,2.962168574333191,5.355601871013641,5.754511833190918,0.99837406427114,0.9983989878667189,0.9988941979836827,0.998950427112851,0.0012513527343305797,0.0003139090169637093,0.0036767396069610535,0.004253291690024197,0.0006919052238613877,0.00017446089920247347,0.002030892404836936,0.0023491096144154728,True
weak_border,weak_border_02,optical_flow,geometry,ok,,4,300,4,4,4,31.154689073562622,28.035346031188965,54.80260925292968,57.9269905090332,30.26994276046753,27.185108184814453,53.92473354339599,57.02690124511719,38.46590709686279,33.88888645172119,65.97861518859862,69.7632827758789,0.9758521956808626,0.9785211859111436,0.9913054112876137,0.9923794274220028,0.005265280158783137,0.004316864654476227,0.011069002037859776,0.011656792145667838,0.0029202028566327753,0.0023857863045517037,0.0061472239461347325,0.006477822286333424,True
weak_border,weak_border_02,proposed,geometry,ok,,4,300,4,4,4,126.04499816894531,137.30384063720703,147.5330467224121,148.43505859375,108.91010665893555,114.29969787597656,134.74758415222166,136.91604614257812,200.52915954589844,218.2845916748047,250.52705612182618,252.1559600830078,0.8926742158832729,0.8882214255961206,0.928635632967074,0.9336047807571892,0.014340227067073552,0.014814985887949828,0.02439496655145051,0.026060708069261418,0.007948878868291947,0.008233507319783478,0.0134810814934581,0.014393430863809063,True
weak_border,weak_border_03,frame_wise,geometry,ok,,4,300,4,4,4,205.82771682739258,204.57678985595703,218.15761337280273,219.30140686035156,104.62274932861328,104.14673614501953,110.75439643859863,111.32232666015625,411.63197326660156,409.12742614746094,436.29503326416017,438.583251953125,0.9290256667238459,0.9289567923161257,0.9341302451317147,0.9344825245822671,0.13533360836591907,0.13465235387880659,0.1419816438870461,0.14290362617510644,0.07587041446286075,0.07557582942661169,0.07951783221562102,0.07998984145447921,True
weak_border,weak_border_03,optical_flow,geometry,ok,,4,300,4,4,4,193.7122344970703,200.7286834716797,209.07074127197265,209.4435577392578,117.82201385498047,117.015380859375,126.73498649597168,127.40826416015625,379.8708038330078,399.18328857421875,417.5695526123047,418.7027282714844,0.9093104707276092,0.9175879082375222,0.9216551708708898,0.921758908474808,0.12779950245008764,0.12620790790921765,0.1349504715326797,0.13613159595398638,0.07164419737465148,0.07080873780054955,0.07554736241409908,0.07619921949329418,True
weak_border,weak_border_03,proposed,geometry,ok,,4,300,4,4,4,188.20003509521484,158.90066528320312,270.68241806030267,289.360107421875,171.5531234741211,144.83428955078125,258.7561645507812,277.8065490722656,249.75165557861328,220.98844146728516,360.2953636169433,382.6133728027344,0.8309589471946516,0.8511043115484865,0.8734826708881637,0.8773104105199004,0.004789399969754193,0.005418802518341703,0.007344493977489907,0.007575064344472526,0.002683023822065639,0.003036702442334556,0.0041114932574202595,0.004240117708275394,True
weak_border,weak_border_04,frame_wise,geometry,ok,,4,300,4,4,4,2.1857484877109528,1.9667871594429016,2.9690257668495175,3.110259771347046,1.8934881687164307,1.8078760504722595,2.392549705505371,2.4511895179748535,3.6133548617362976,2.962168574333191,5.355601871013641,5.754511833190918,0.99837406427114,0.9983989878667189,0.9988941979836827,0.998950427112851,0.0012513527343305797,0.0003139090169637093,0.0036767396069610535,0.004253291690024197,0.0006919052238613877,0.00017446089920247347,0.002030892404836936,0.0023491096144154728,True
weak_border,weak_border_04,optical_flow,geometry,ok,,4,300,4,4,4,31.154689073562622,28.035346031188965,54.80260925292968,57.9269905090332,30.26994276046753,27.185108184814453,53.92473354339599,57.02690124511719,38.46590709686279,33.88888645172119,65.97861518859862,69.7632827758789,0.9758521956808626,0.9785211859111436,0.9913054112876137,0.9923794274220028,0.005265280158783137,0.004316864654476227,0.011069002037859776,0.011656792145667838,0.0029202028566327753,0.0023857863045517037,0.0061472239461347325,0.006477822286333424,True
weak_border,weak_border_04,proposed,geometry,ok,,4,300,4,4,4,126.04499816894531,137.30384063720703,147.5330467224121,148.43505859375,108.91010665893555,114.29969787597656,134.74758415222166,136.91604614257812,200.52915954589844,218.2845916748047,250.52705612182618,252.1559600830078,0.8926742158832729,0.8882214255961206,0.928635632967074,0.9336047807571892,0.014340227067073552,0.014814985887949828,0.02439496655145051,0.026060708069261418,0.007948878868291947,0.008233507319783478,0.0134810814934581,0.014393430863809063,True
weak_border,weak_border_05,frame_wise,geometry,ok,,4,300,4,4,4,287.3244438171387,312.55625915527344,341.30884246826173,344.6014404296875,282.5246467590332,307.2392883300781,335.9431457519531,339.25726318359375,342.4133834838867,372.91900634765625,408.042512512207,411.80731201171875,0.7944713091186552,0.7725183749563165,0.8481591262839339,0.8614465323768645,0.11130051145719982,0.14427864339784457,0.1461361245153477,0.14644560555839936,0.06232433254242103,0.08077831331546476,0.08185661560384504,0.08203763822159946,True
weak_border,weak_border_05,optical_flow,geometry,ok,,4,300,4,4,4,237.44573879241943,283.70548248291016,339.5210784912109,343.1475830078125,231.6834373474121,278.5102081298828,331.27098693847654,334.97705078125,288.707257270813,341.81300354003906,407.2864227294922,407.8141784667969,0.824047204155462,0.7850273682839528,0.9386014075423125,0.9622761987601374,0.1088533736890463,0.1183556762633784,0.15775611901772574,0.1612024344850791,0.06095822290830279,0.06627993450767777,0.08838307535310574,0.09030429387281473,True
weak_border,weak_border_05,proposed,geometry,ok,,4,300,4,4,4,206.26935958862305,189.8877410888672,315.22441406249993,334.8226318359375,192.66405487060547,183.17489624023438,283.5557037353515,299.32794189453125,281.96508407592773,248.10694122314453,442.2396423339843,469.6022644042969,0.8186776252966962,0.8287133255614596,0.8971238012566634,0.9041034483481952,0.01485816022345765,0.014545515928864772,0.017400200816130383,0.017616252687329137,0.008318676726412606,0.008141683967513889,0.009754224763831887,0.009876450618229345,True
weak_border,weak_border_06,frame_wise,geometry,ok,,4,300,4,4,4,205.82771682739258,204.57678985595703,218.15761337280273,219.30140686035156,104.62274932861328,104.14673614501953,110.75439643859863,111.32232666015625,411.63197326660156,409.12742614746094,436.29503326416017,438.583251953125,0.9290256667238459,0.9289567923161257,0.9341302451317147,0.9344825245822671,0.13533360836591907,0.13465235387880659,0.1419816438870461,0.14290362617510644,0.07587041446286075,0.07557582942661169,0.07951783221562102,0.07998984145447921,True
weak_border,weak_border_06,optical_flow,geometry,ok,,4,300,4,4,4,193.7122344970703,200.7286834716797,209.07074127197265,209.4435577392578,117.82201385498047,117.015380859375,126.73498649597168,127.40826416015625,379.8708038330078,399.18328857421875,417.5695526123047,418.7027282714844,0.9093104707276092,0.9175879082375222,0.9216551708708898,0.921758908474808,0.12779950245008764,0.12620790790921765,0.1349504715326797,0.13613159595398638,0.07164419737465148,0.07080873780054955,0.07554736241409908,0.07619921949329418,True
weak_border,weak_border_06,proposed,geometry,ok,,4,300,4,4,4,188.20003509521484,158.90066528320312,270.68241806030267,289.360107421875,171.5531234741211,144.83428955078125,258.7561645507812,277.8065490722656,249.75165557861328,220.98844146728516,360.2953636169433,382.6133728027344,0.8309589471946516,0.8511043115484865,0.8734826708881637,0.8773104105199004,0.004789399969754193,0.005418802518341703,0.007344493977489907,0.007575064344472526,0.002683023822065639,0.003036702442334556,0.0041114932574202595,0.004240117708275394,True
weak_border,weak_border_07,frame_wise,geometry,ok,,4,300,4,4,4,2.1857484877109528,1.9667871594429016,2.9690257668495175,3.110259771347046,1.8934881687164307,1.8078760504722595,2.392549705505371,2.4511895179748535,3.6133548617362976,2.962168574333191,5.355601871013641,5.754511833190918,0.99837406427114,0.9983989878667189,0.9988941979836827,0.998950427112851,0.0012513527343305797,0.0003139090169637093,0.0036767396069610535,0.004253291690024197,0.0006919052238613877,0.00017446089920247347,0.002030892404836936,0.0023491096144154728,True
weak_border,weak_border_07,optical_flow,geometry,ok,,4,300,4,4,4,31.154689073562622,28.035346031188965,54.80260925292968,57.9269905090332,30.26994276046753,27.185108184814453,53.92473354339599,57.02690124511719,38.46590709686279,33.88888645172119,65.97861518859862,69.7632827758789,0.9758521956808626,0.9785211859111436,0.9913054112876137,0.9923794274220028,0.005265280158783137,0.004316864654476227,0.011069002037859776,0.011656792145667838,0.0029202028566327753,0.0023857863045517037,0.0061472239461347325,0.006477822286333424,True
weak_border,weak_border_07,proposed,geometry,ok,,4,300,4,4,4,126.04499816894531,137.30384063720703,147.5330467224121,148.43505859375,108.91010665893555,114.29969787597656,134.74758415222166,136.91604614257812,200.52915954589844,218.2845916748047,250.52705612182618,252.1559600830078,0.8926742158832729,0.8882214255961206,0.928635632967074,0.9336047807571892,0.014340227067073552,0.014814985887949828,0.02439496655145051,0.026060708069261418,0.007948878868291947,0.008233507319783478,0.0134810814934581,0.014393430863809063,True
weak_border,weak_border_08,frame_wise,geometry,ok,,4,300,4,4,4,287.3244438171387,312.55625915527344,341.30884246826173,344.6014404296875,282.5246467590332,307.2392883300781,335.9431457519531,339.25726318359375,342.4133834838867,372.91900634765625,408.042512512207,411.80731201171875,0.7944713091186552,0.7725183749563165,0.8481591262839339,0.8614465323768645,0.11130051145719982,0.14427864339784457,0.1461361245153477,0.14644560555839936,0.06232433254242103,0.08077831331546476,0.08185661560384504,0.08203763822159946,True
weak_border,weak_border_08,optical_flow,geometry,ok,,4,300,4,4,4,237.44573879241943,283.70548248291016,339.5210784912109,343.1475830078125,231.6834373474121,278.5102081298828,331.27098693847654,334.97705078125,288.707257270813,341.81300354003906,407.2864227294922,407.8141784667969,0.824047204155462,0.7850273682839528,0.9386014075423125,0.9622761987601374,0.1088533736890463,0.1183556762633784,0.15775611901772574,0.1612024344850791,0.06095822290830279,0.06627993450767777,0.08838307535310574,0.09030429387281473,True
weak_border,weak_border_08,proposed,geometry,ok,,4,300,4,4,4,206.26935958862305,189.8877410888672,315.22441406249993,334.8226318359375,192.66405487060547,183.17489624023438,283.5557037353515,299.32794189453125,281.96508407592773,248.10694122314453,442.2396423339843,469.6022644042969,0.8186776252966962,0.8287133255614596,0.8971238012566634,0.9041034483481952,0.01485816022345765,0.014545515928864772,0.017400200816130383,0.017616252687329137,0.008318676726412606,0.008141683967513889,0.009754224763831887,0.009876450618229345,True
weak_border,weak_border_09,frame_wise,geometry,ok,,4,300,4,4,4,2.1857484877109528,1.9667871594429016,2.9690257668495175,3.110259771347046,1.8934881687164307,1.8078760504722595,2.392549705505371,2.4511895179748535,3.6133548617362976,2.962168574333191,5.355601871013641,5.754511833190918,0.99837406427114,0.9983989878667189,0.9988941979836827,0.998950427112851,0.0012513527343305797,0.0003139090169637093,0.0036767396069610535,0.004253291690024197,0.0006919052238613877,0.00017446089920247347,0.002030892404836936,0.0023491096144154728,True
weak_border,weak_border_09,optical_flow,geometry,ok,,4,300,4,4,4,31.154689073562622,28.035346031188965,54.80260925292968,57.9269905090332,30.26994276046753,27.185108184814453,53.92473354339599,57.02690124511719,38.46590709686279,33.88888645172119,65.97861518859862,69.7632827758789,0.9758521956808626,0.9785211859111436,0.9913054112876137,0.9923794274220028,0.005265280158783137,0.004316864654476227,0.011069002037859776,0.011656792145667838,0.0029202028566327753,0.0023857863045517037,0.0061472239461347325,0.006477822286333424,True
weak_border,weak_border_09,proposed,geometry,ok,,4,300,4,4,4,126.04499816894531,137.30384063720703,147.5330467224121,148.43505859375,108.91010665893555,114.29969787597656,134.74758415222166,136.91604614257812,200.52915954589844,218.2845916748047,250.52705612182618,252.1559600830078,0.8926742158832729,0.8882214255961206,0.928635632967074,0.9336047807571892,0.014340227067073552,0.014814985887949828,0.02439496655145051,0.026060708069261418,0.007948878868291947,0.008233507319783478,0.0134810814934581,0.014393430863809063,True
weak_border,weak_border_10,frame_wise,geometry,ok,,4,300,4,4,4,205.82771682739258,204.57678985595703,218.15761337280273,219.30140686035156,104.62274932861328,104.14673614501953,110.75439643859863,111.32232666015625,411.63197326660156,409.12742614746094,436.29503326416017,438.583251953125,0.9290256667238459,0.9289567923161257,0.9341302451317147,0.9344825245822671,0.13533360836591907,0.13465235387880659,0.1419816438870461,0.14290362617510644,0.07587041446286075,0.07557582942661169,0.07951783221562102,0.07998984145447921,True
weak_border,weak_border_10,optical_flow,geometry,ok,,4,300,4,4,4,193.7122344970703,200.7286834716797,209.07074127197265,209.4435577392578,117.82201385498047,117.015380859375,126.73498649597168,127.40826416015625,379.8708038330078,399.18328857421875,417.5695526123047,418.7027282714844,0.9093104707276092,0.9175879082375222,0.9216551708708898,0.921758908474808,0.12779950245008764,0.12620790790921765,0.1349504715326797,0.13613159595398638,0.07164419737465148,0.07080873780054955,0.07554736241409908,0.07619921949329418,True
weak_border,weak_border_10,proposed,geometry,ok,,4,300,4,4,4,188.20003509521484,158.90066528320312,270.68241806030267,289.360107421875,171.5531234741211,144.83428955078125,258.7561645507812,277.8065490722656,249.75165557861328,220.98844146728516,360.2953636169433,382.6133728027344,0.8309589471946516,0.8511043115484865,0.8734826708881637,0.8773104105199004,0.004789399969754193,0.005418802518341703,0.007344493977489907,0.007575064344472526,0.002683023822065639,0.003036702442334556,0.0041114932574202595,0.004240117708275394,True
