"category","clip_id","method","method_status","processed_frames","elapsed_seconds","geometry_status","geometry_reason","corner_rmse_px","quad_iou","aspect_relative_error","temporal_status","temporal_reason","translation_px","rotation_abs_deg","scale_abs_delta","detail_status","detail_reason","edge_preservation_index","gradient_magnitude_ratio","frequency_status","frequency_reason","fft_orthogonality_error_deg"
"hard","hard_01","proposed","ok","300","36.10284979999415","ok",,"191.82797813415527","0.8486554019093623","0.03210842198192434","ok",,"0.026402502109331445","8.753302258629587E-05","5.828522185010015E-06","ok",,"0.19107123074277965","1.1429289519436545","ok",,"1.3333333333333333"
"hard","hard_01","no_reliability_gates","ok","300","36.62469319999218","ok",,"35.62507629394531","0.9683316124772136","0.001889309896139287","ok",,"6.16479662034398","0.06254447008367439","0.003551450651550578","ok",,"0.3262942906434537","0.9082302863803484","ok",,"0.1111111111111111"
"hard","hard_01","no_trajectory_smoothing","ok","300","34.979869500006316","ok",,"191.82782173156738","0.8486554019093623","0.032108338502069365","ok",,"0.040022547759924317","0.0001770470013818471","1.4362033369130778E-05","ok",,"0.24674931454725377","1.1442382030270022","ok",,"1.3333333333333333"
"hard","hard_01","no_offline_repair","ok","300","35.7985042000073","ok",,"191.82797813415527","0.8486554019093623","0.03210842198192434","ok",,"0.026402502109331445","8.753302258629587E-05","5.828522185010015E-06","ok",,"0.19107123074277965","1.1429289519436545","ok",,"1.3333333333333333"
"hard","hard_02","proposed","ok","300","35.807807799981674","ok",,"191.82797813415527","0.8486554019093623","0.03210842198192434","ok",,"0.026402502109331445","8.753302258629587E-05","5.828522185010015E-06","ok",,"0.19107123074277965","1.1429289519436545","ok",,"1.3333333333333333"
"hard","hard_02","no_reliability_gates","ok","300","36.3075797999918","ok",,"35.62507629394531","0.9683316124772136","0.001889309896139287","ok",,"6.16479662034398","0.06254447008367439","0.003551450651550578","ok",,"0.3262942906434537","0.9082302863803484","ok",,"0.1111111111111111"
"hard","hard_02","no_trajectory_smoothing","ok","300","35.73340569998254","ok",,"191.82782173156738","0.8486554019093623","0.032108338502069365","ok",,"0.040022547759924317","0.0001770470013818471","1.4362033369130778E-05","ok",,"0.24674931454725377","1.1442382030270022","ok",,"1.3333333333333333"
"hard","hard_02","no_offline_repair","ok","300","35.5229498000117","ok",,"191.82797813415527","0.8486554019093623","0.03210842198192434","ok",,"0.026402502109331445","8.753302258629587E-05","5.828522185010015E-06","ok",,"0.19107123074277965","1.1429289519436545","ok",,"1.3333333333333333"
"hard","hard_03","proposed","ok","300","36.0847162999853","ok",,"191.82797813415527","0.8486554019093623","0.03210842198192434","ok",,"0.026402502109331445","8.753302258629587E-05","5.828522185010015E-06","ok",,"0.19107123074277965","1.1429289519436545","ok",,"1.3333333333333333"
"hard","hard_03","no_reliability_gates","ok","300","35.37170920000062","ok",,"35.62507629394531","0.9683316124772136","0.001889309896139287","ok",,"6.16479662034398","0.06254447008367439","0.003551450651550578","ok",,"0.3262942906434537","0.9082302863803484","ok",,"0.1111111111111111"
"hard","hard_03","no_trajectory_smoothing","ok","300","35.640375300019514","ok",,"191.82782173156738","0.8486554019093623","0.032108338502069365","ok",,"0.040022547759924317","0.0001770470013818471","1.4362033369130778E-05","ok",,"0.24674931454725377","1.1442382030270022","ok",,"1.3333333333333333"
"hard","hard_03","no_offline_repair","ok","300","34.43838269999833","ok",,"191.82797813415527","0.8486554019093623","0.03210842198192434","ok",,"0.026402502109331445","8.753302258629587E-05","5.828522185010015E-06","ok",,"0.19107123074277965","1.1429289519436545","ok",,"1.3333333333333333"
"hard","hard_04","proposed","ok","300","34.30895839998266","ok",,"191.82797813415527","0.8486554019093623","0.03210842198192434","ok",,"0.026402502109331445","8.753302258629587E-05","5.828522185010015E-06","ok",,"0.19107123074277965","1.1429289519436545","ok",,"1.3333333333333333"
"hard","hard_04","no_reliability_gates","ok","300","35.62575409997953","ok",,"35.62507629394531","0.9683316124772136","0.001889309896139287","ok",,"6.16479662034398","0.06254447008367439","0.003551450651550578","ok",,"0.3262942906434537","0.9082302863803484","ok",,"0.1111111111111111"
"hard","hard_04","no_trajectory_smoothing","ok","300","35.93956780000008","ok",,"191.82782173156738","0.8486554019093623","0.032108338502069365","ok",,"0.040022547759924317","0.0001770470013818471","1.4362033369130778E-05","ok",,"0.24674931454725377","1.1442382030270022","ok",,"1.3333333333333333"
"hard","hard_04","no_offline_repair","ok","300","34.57007709998288","ok",,"191.82797813415527","0.8486554019093623","0.03210842198192434","ok",,"0.026402502109331445","8.753302258629587E-05","5.828522185010015E-06","ok",,"0.19107123074277965","1.1429289519436545","ok",,"1.3333333333333333"
"hard","hard_05","proposed","ok","300","35.06710060001933","ok",,"191.82797813415527","0.8486554019093623","0.03210842198192434","ok",,"0.026402502109331445","8.753302258629587E-05","5.828522185010015E-06","ok",,"0.19107123074277965","1.1429289519436545","ok",,"1.3333333333333333"
"hard","hard_05","no_reliability_gates","ok","300","34.252614600001834","ok",,"35.62507629394531","0.9683316124772136","0.001889309896139287","ok",,"6.16479662034398","0.06254447008367439","0.003551450651550578","ok",,"0.3262942906434537","0.9082302863803484","ok",,"0.1111111111111111"
"hard","hard_05","no_trajectory_smoothing","ok","300","35.15846549998969","ok",,"191.82782173156738","0.8486554019093623","0.032108338502069365","ok",,"0.040022547759924317","0.0001770470013818471","1.4362033369130778E-05","ok",,"0.24674931454725377","1.1442382030270022","ok",,"1.3333333333333333"
"hard","hard_05","no_offline_repair","ok","300","34.73267299999134","ok",,"191.82797813415527","0.8486554019093623","0.03210842198192434","ok",,"0.026402502109331445","8.753302258629587E-05","5.828522185010015E-06","ok",,"0.19107123074277965","1.1429289519436545","ok",,"1.3333333333333333"
"hard","hard_06","proposed","ok","300","35.349686100002145","ok",,"191.82797813415527","0.8486554019093623","0.03210842198192434","ok",,"0.026402502109331445","8.753302258629587E-05","5.828522185010015E-06","ok",,"0.19107123074277965","1.1429289519436545","ok",,"1.3333333333333333"
"hard","hard_06","no_reliability_gates","ok","300","34.69171889999416","ok",,"35.62507629394531","0.9683316124772136","0.001889309896139287","ok",,"6.16479662034398","0.06254447008367439","0.003551450651550578","ok",,"0.3262942906434537","0.9082302863803484","ok",,"0.1111111111111111"
"hard","hard_06","no_trajectory_smoothing","ok","300","35.267278499988606","ok",,"191.82782173156738","0.8486554019093623","0.032108338502069365","ok",,"0.040022547759924317","0.0001770470013818471","1.4362033369130778E-05","ok",,"0.24674931454725377","1.1442382030270022","ok",,"1.3333333333333333"
"hard","hard_06","no_offline_repair","ok","300","36.10555999999633","ok",,"191.82797813415527","0.8486554019093623","0.03210842198192434","ok",,"0.026402502109331445","8.753302258629587E-05","5.828522185010015E-06","ok",,"0.19107123074277965","1.1429289519436545","ok",,"1.3333333333333333"
"hard","hard_07","proposed","ok","300","35.11488320000353","ok",,"191.82797813415527","0.8486554019093623","0.03210842198192434","ok",,"0.026402502109331445","8.753302258629587E-05","5.828522185010015E-06","ok",,"0.19107123074277965","1.1429289519436545","ok",,"1.3333333333333333"
"hard","hard_07","no_reliability_gates","ok","300","35.66862460001721","ok",,"35.62507629394531","0.9683316124772136","0.001889309896139287","ok",,"6.16479662034398","0.06254447008367439","0.003551450651550578","ok",,"0.3262942906434537","0.9082302863803484","ok",,"0.1111111111111111"
"hard","hard_07","no_trajectory_smoothing","ok","300","35.47470369999064","ok",,"191.82782173156738","0.8486554019093623","0.032108338502069365","ok",,"0.040022547759924317","0.0001770470013818471","1.4362033369130778E-05","ok",,"0.24674931454725377","1.1442382030270022","ok",,"1.3333333333333333"
"hard","hard_07","no_offline_repair","ok","300","34.23054009999032","ok",,"191.82797813415527","0.8486554019093623","0.03210842198192434","ok",,"0.026402502109331445","8.753302258629587E-05","5.828522185010015E-06","ok",,"0.19107123074277965","1.1429289519436545","ok",,"1.3333333333333333"
"hard","hard_08","proposed","ok","300","35.072235500003444","ok",,"191.82797813415527","0.8486554019093623","0.03210842198192434","ok",,"0.026402502109331445","8.753302258629587E-05","5.828522185010015E-06","ok",,"0.19107123074277965","1.1429289519436545","ok",,"1.3333333333333333"
"hard","hard_08","no_reliability_gates","ok","300","35.974204900005134","ok",,"35.62507629394531","0.9683316124772136","0.001889309896139287","ok",,"6.16479662034398","0.06254447008367439","0.003551450651550578","ok",,"0.3262942906434537","0.9082302863803484","ok",,"0.1111111111111111"
"hard","hard_08","no_trajectory_smoothing","ok","300","36.37590290000662","ok",,"191.82782173156738","0.8486554019093623","0.032108338502069365","ok",,"0.040022547759924317","0.0001770470013818471","1.4362033369130778E-05","ok",,"0.24674931454725377","1.1442382030270022","ok",,"1.3333333333333333"
"hard","hard_08","no_offline_repair","ok","300","35.95868079998763","ok",,"191.82797813415527","0.8486554019093623","0.03210842198192434","ok",,"0.026402502109331445","8.753302258629587E-05","5.828522185010015E-06","ok",,"0.19107123074277965","1.1429289519436545","ok",,"1.3333333333333333"
"hard","hard_09","proposed","ok","300","35.91503430000739","ok",,"191.82797813415527","0.8486554019093623","0.03210842198192434","ok",,"0.026402502109331445","8.753302258629587E-05","5.828522185010015E-06","ok",,"0.19107123074277965","1.1429289519436545","ok",,"1.3333333333333333"
"hard","hard_09","no_reliability_gates","ok","300","36.81090240000049","ok",,"35.62507629394531","0.9683316124772136","0.001889309896139287","ok",,"6.16479662034398","0.06254447008367439","0.003551450651550578","ok",,"0.3262942906434537","0.9082302863803484","ok",,"0.1111111111111111"
"hard","hard_09","no_trajectory_smoothing","ok","300","35.279051999998046","ok",,"191.82782173156738","0.8486554019093623","0.032108338502069365","ok",,"0.040022547759924317","0.0001770470013818471","1.4362033369130778E-05","ok",,"0.24674931454725377","1.1442382030270022","ok",,"1.3333333333333333"
"hard","hard_09","no_offline_repair","ok","300","35.502419700002065","ok",,"191.82797813415527","0.8486554019093623","0.03210842198192434","ok",,"0.026402502109331445","8.753302258629587E-05","5.828522185010015E-06","ok",,"0.19107123074277965","1.1429289519436545","ok",,"1.3333333333333333"
"hard","hard_10","proposed","ok","300","35.14731380000012","ok",,"191.82797813415527","0.8486554019093623","0.03210842198192434","ok",,"0.026402502109331445","8.753302258629587E-05","5.828522185010015E-06","ok",,"0.19107123074277965","1.1429289519436545","ok",,"1.3333333333333333"
"hard","hard_10","no_reliability_gates","ok","300","36.885192000016104","ok",,"35.62507629394531","0.9683316124772136","0.001889309896139287","ok",,"6.16479662034398","0.06254447008367439","0.003551450651550578","ok",,"0.3262942906434537","0.9082302863803484","ok",,"0.1111111111111111"
"hard","hard_10","no_trajectory_smoothing","ok","300","34.07759509998141","ok",,"191.82782173156738","0.8486554019093623","0.032108338502069365","ok",,"0.040022547759924317","0.0001770470013818471","1.4362033369130778E-05","ok",,"0.24674931454725377","1.1442382030270022","ok",,"1.3333333333333333"
"hard","hard_10","no_offline_repair","ok","300","34.86434180001379","ok",,"191.82797813415527","0.8486554019093623","0.03210842198192434","ok",,"0.026402502109331445","8.753302258629587E-05","5.828522185010015E-06","ok",,"0.19107123074277965","1.1429289519436545","ok",,"1.3333333333333333"
"screen_video","screen_video_01","proposed","ok","300","40.560777600010624","ok",,"2.6873496770858765","0.9973570640010823","0.0004902921891761421","ok",,"3.2569149896142906","0.013685249323533542","0.0006321088139551159","ok",,"0.8941825113471603","0.954710775677945","ok",,"0"
"screen_video","screen_video_01","no_reliability_gates","ok","300","34.23392809997313","ok",,"2.6972442269325256","0.9973306299750683","0.0004903066791598306","ok",,"3.2512705699993107","0.013640009353380715","0.000624101481647973","ok",,"0.8912045840997067","0.9557064340116568","ok",,"0"
"screen_video","screen_video_01","no_trajectory_smoothing","ok","300","39.14881230000174","ok",,"2.5310176014900208","0.9972288228743293","0.0004221997188740047","ok",,"3.403478421741136","0.014484411009219949","0.0007505450434416847","ok",,"0.8833317029054555","0.9640668910397532","ok",,"0"
"screen_video","screen_video_01","no_offline_repair","ok","300","40.240964900003746","ok",,"2.6873496770858765","0.9973570640010823","0.0004902921891761421","ok",,"3.2569149896142906","0.013685249323533542","0.0006321088139551159","ok",,"0.8941825113471603","0.954710775677945","ok",,"0"
"screen_video","screen_video_02","proposed","ok","300","39.07441739999922","ok",,"3.560397446155548","0.9966927856169095","0.0013714906460069675","ok",,"4.45208077639421","0.011390975037672448","0.0006426871588317369","ok",,"0.8176923634301525","0.9813192356105642","ok",,"0"
"screen_video","screen_video_02","no_reliability_gates","ok","300","33.670438800007105","ok",,"3.6414000391960144","0.9965347030754457","0.0012801996583639524","ok",,"4.443117487390083","0.011302811840060186","0.0006257981255054921","ok",,"0.8198575036191957","0.9836565126308854","ok",,"0"
"screen_video","screen_video_02","no_trajectory_smoothing","ok","300","37.96566859999439","ok",,"2.7877009212970734","0.997697713880193","0.0013423531237509482","ok",,"4.715269219726562","0.012975475165076585","0.0008051163085849675","ok",,"0.9162545318238638","0.9831228008530744","ok",,"0"
"screen_video","screen_video_02","no_offline_repair","ok","300","38.72211959998822","ok",,"3.560397446155548","0.9966927856169095","0.0013714906460069675","ok",,"4.45208077639421","0.011390975037672448","0.0006426871588317369","ok",,"0.8176923634301525","0.9813192356105642","ok",,"0"
"screen_video","screen_video_03","proposed","ok","299","39.72863609998603","ok",,"2.0052225589752197","0.9978531263854801","0.0011310202070894543","ok",,"3.0980729561088807","0.016385647261341858","0.0006614265694590959","ok",,"0.6778567917227353","0.993104909444335","ok",,"0.3333333333333333"
"screen_video","screen_video_03","no_reliability_gates","ok","299","36.81509200000437","ok",,"2.0092505514621735","0.9979204571313162","0.0010947902583428992","ok",,"3.09811667885464","0.01638976618245476","0.0006598983309729574","ok",,"0.676158767212599","0.9925720781434156","ok",,"0.3333333333333333"
"screen_video","screen_video_03","no_trajectory_smoothing","ok","299","40.40206849999959","ok",,"2.1549539864063263","0.9978154918331308","0.0010891942866332845","ok",,"3.199686977074471","0.016740454296614447","0.0006902054667168859","ok",,"0.9314917694530116","0.9893364353788519","ok",,"0.3333333333333333"
"screen_video","screen_video_03","no_offline_repair","ok","299","42.53596119998838","ok",,"2.0052225589752197","0.9978531263854801","0.0011310202070894543","ok",,"3.0980729561088807","0.016385647261341858","0.0006614265694590959","ok",,"0.6778567917227353","0.993104909444335","ok",,"0.3333333333333333"
"screen_video","screen_video_04","proposed","ok","299","39.076187700004084","ok",,"4.7801671624183655","0.9947280162593763","0.0006389980464550845","ok",,"3.5860674823652317","0.01401153669004135","0.0012580368839217294","ok",,"0.7310706824045899","0.962076920321471","ok",,"0"
"screen_video","screen_video_04","no_reliability_gates","ok","299","36.040110100002494","ok",,"4.84762305021286","0.9950150715268964","0.0006298724899742154","ok",,"3.589639336682199","0.014191734694655601","0.0012549485756631546","ok",,"0.7316055971298148","0.96183246773711","ok",,"0"
"screen_video","screen_video_04","no_trajectory_smoothing","ok","299","39.44981560000451","ok",,"4.867198586463928","0.9947206866669587","0.0006313196167605747","ok",,"3.6671058876146536","0.015351362262668129","0.0013108619315598585","ok",,"0.7880691739112693","0.9867872217888346","ok",,"0"
"screen_video","screen_video_04","no_offline_repair","ok","299","40.5663263000024","ok",,"4.7801671624183655","0.9947280162593763","0.0006389980464550845","ok",,"3.5860674823652317","0.01401153669004135","0.0012580368839217294","ok",,"0.7310706824045899","0.962076920321471","ok",,"0"
"screen_video","screen_video_05","proposed","ok","300","42.285266999999294","ok",,"3.1078155040740967","0.9972405892005551","0.0008252930478650467","ok",,"2.5585474814349167","0.009813683721538954","0.00039350864421113934","ok",,"0.9242622091160758","0.9756039641426479","ok",,"0"
"screen_video","screen_video_05","no_reliability_gates","ok","300","33.99615819999599","ok",,"3.1063554286956787","0.9971391304012043","0.000840169896937619","ok",,"2.5568971406139567","0.009814316473360373","0.0003905388206340051","ok",,"0.92489289541678","0.9753050152192397","ok",,"0"
"screen_video","screen_video_05","no_trajectory_smoothing","ok","300","40.17076400000951","ok",,"2.9050034284591675","0.9974544761201397","0.000788288561307713","ok",,"2.613495173803778","0.009941868615056186","0.00043432391204450765","ok",,"0.9220758105369578","0.9759860963902112","ok",,"0"
"screen_video","screen_video_05","no_offline_repair","ok","300","41.18336480000289","ok",,"3.1078155040740967","0.9972405892005551","0.0008252930478650467","ok",,"2.5585474814349167","0.009813683721538954","0.00039350864421113934","ok",,"0.9242622091160758","0.9756039641426479","ok",,"0"
"screen_video","screen_video_06","proposed","ok","300","35.48228250001557","ok",,"174.46860122680664","0.8022799925920416","0.032490473561142444","ok",,"0.43255352844575323","0.0016652339691071944","0.00030640161908698587","ok",,"0.18780470950958586","0.9372652137790622","ok",,"9.444444444444445"
"screen_video","screen_video_06","no_reliability_gates","ok","300","32.940013899991754","ok",,"83.905841588974","0.906948708726306","0.030540962998719157","ok",,"10.377993039710507","0.04559549794695915","0.004784482793521193","ok",,"0.5025769925073302","0.9625343561881401","ok",,"11.222222222222221"
"screen_video","screen_video_06","no_trajectory_smoothing","ok","300","36.740756500017596","ok",,"174.46859741210938","0.8022799925920416","0.03249044240321151","ok",,"1.5149847565006105","0.013945817305730185","0.0009437023331745413","ok",,"0.25318057236315006","0.93386002922907","ok",,"7.666666666666667"
"screen_video","screen_video_06","no_offline_repair","ok","300","34.70083099999465","ok",,"174.46860122680664","0.8022799925920416","0.032490473561142444","ok",,"0.43255352844575323","0.0016652339691071944","0.00030640161908698587","ok",,"0.18780470950958586","0.9372652137790622","ok",,"9.444444444444445"
"screen_video","screen_video_07","proposed","ok","300","31.221338399976958","ok",,"192.8842544555664","0.7864538677205638","0.01061827181262796","ok",,"1.5245079151402206E-13","2.410804466574915E-15","0","ok",,"0.2571101071874712","1.0377201976754857","ok",,"4.777777777777778"
"screen_video","screen_video_07","no_reliability_gates","ok","300","30.075859200005652","ok",,"61.95043468475342","0.9229898515619824","0.016680577832638536","ok",,"17.264388756365392","0.1015828966863739","0.008614631298769982","ok",,"0.28479301196674145","0.9882115812821664","ok",,"9.444444444444445"
"screen_video","screen_video_07","no_trajectory_smoothing","ok","300","30.396003700006986","ok",,"192.8841609954834","0.7864538677205638","0.010618272571451624","ok",,"1.0711876535138552E-13","2.3518596520485952E-15","0","ok",,"0.2555153843251357","1.03846387806877","ok",,"4.666666666666667"
"screen_video","screen_video_07","no_offline_repair","ok","300","30.933978699991712","ok",,"192.8842544555664","0.7864538677205638","0.01061827181262796","ok",,"1.5245079151402206E-13","2.410804466574915E-15","0","ok",,"0.2571101071874712","1.0377201976754857","ok",,"4.777777777777778"
"screen_video","screen_video_08","proposed","ok","299","27.480726100009633","ok",,"412.689453125","0.5879664171860419","0.007271372379085571","ok",,"0.5294105342492444","0.0007318542767819071","0.00026637513785162075","ok",,"0.15684421644681434","0.8309806370203099","ok",,"3.6666666666666665"
"screen_video","screen_video_08","no_reliability_gates","ok","299","23.282746700017015","ok",,"214.0868911743164","0.7746538236137952","0.018759309375576124","ok",,"9.708913001720802","0.026512402500292347","0.005244895819529925","ok",,"0.23260442008289361","0.9105151541444828","ok",,"10.444444444444445"
"screen_video","screen_video_08","no_trajectory_smoothing","ok","299","28.021652499999618","ok",,"412.68946075439453","0.5879664171860419","0.007271490961239707","ok",,"0.9305038142956941","0.0016181592100646032","0.0004841069619456523","ok",,"0.28282511064976945","0.8310879262288692","ok",,"4"
"screen_video","screen_video_08","no_offline_repair","ok","299","28.074351000017487","ok",,"412.689453125","0.5879664171860419","0.007271372379085571","ok",,"0.5537235448851234","0.0008349395771610443","0.0002779700056671225","ok",,"0.1726998288698798","0.8303276341797341","ok",,"3.6666666666666665"
"screen_video","screen_video_09","proposed","ok","299","32.428683099977206","ok",,"291.8086395263672","0.7158646390105747","0.017498217705374828","ok",,"0.07640580114087851","0.0003589673023670947","3.146292356615532E-05","ok",,"0.19287395913097966","0.9506937228625567","ok",,"1.6666666666666667"
"screen_video","screen_video_09","no_reliability_gates","ok","299","42.545295099989744","ok",,"291.7845039367676","0.7785033479256517","0.040610099436182656","ok",,"12.518197637773637","0.05455379553927363","0.006871336665388103","ok",,"0.25071554613958386","0.9545932206331169","ok",,"1.5555555555555556"
"screen_video","screen_video_09","no_trajectory_smoothing","ok","299","33.682276100007584","ok",,"291.808650970459","0.7158646390105747","0.017498180230095074","ok",,"0.3036503228271504","0.005880695871297403","0.00018221964098832604","ok",,"0.2075720762869142","0.9502719431859932","ok",,"1.7777777777777777"
"screen_video","screen_video_09","no_offline_repair","ok","299","33.780950999993365","ok",,"291.8086395263672","0.7158646390105747","0.017498217705374828","ok",,"0.07640580114087851","0.0003589673023670947","3.146292356615532E-05","ok",,"0.19287395913097966","0.9506937228625567","ok",,"1.6666666666666667"
"screen_video","screen_video_10","proposed","ok","300","31.50500530001591","ok",,"332.52415466308594","0.6840661453591407","0.004693696336178368","ok",,"0.7158874093219393","0.0008877398109186958","0.00011580051347793165","ok",,"0.2844908627384172","1.0202169538631796","ok",,"5.555555555555555"
"screen_video","screen_video_10","no_reliability_gates","ok","300","34.67582500001299","ok",,"111.98121643066406","0.887043687221881","0.03570689870885013","ok",,"16.70751261036585","0.06598098981224207","0.00862944962185354","ok",,"0.42450292565107894","1.068116732060079","ok",,"9.555555555555555"
"screen_video","screen_video_10","no_trajectory_smoothing","ok","300","32.80475850001676","ok",,"332.52409744262695","0.6840661453591407","0.004693696597498515","ok",,"1.077268970374938","0.010800393922325844","0.0004334060190742249","ok",,"0.32829029841002244","1.0147676242262451","ok",,"5.888888888888889"
"screen_video","screen_video_10","no_offline_repair","ok","300","32.39923340000678","ok",,"332.52415466308594","0.6840661453591407","0.004693696336178368","ok",,"0.7158874093219393","0.0008877398109186958","0.00011580051347793165","ok",,"0.2844908627384172","1.0202169538631796","ok",,"5.555555555555555"
"scrolling","scrolling_01","proposed","ok","299","38.7904771999747","ok",,"578.3390960693359","0.5642031242263417","0.018477695126684568","ok",,"3.228341121396104","0.0024403382874887587","0.0002571039704541989","ok",,"0.41668053406859606","0.8393199680703274","ok",,"0"
"scrolling","scrolling_01","no_reliability_gates","ok","299","36.11609190001036","ok",,"662.8655319213867","0.5135963814942528","0.017851447664575075","ok",,"5.244586050352223","0.0034790122973916175","0.0007957823134129786","ok",,"0.3860060912563634","0.7854081752134447","ok",,"0"
"scrolling","scrolling_01","no_trajectory_smoothing","ok","299","42.14427010001964","ok",,"579.5413665771484","0.5638277638257717","0.019066077840254696","ok",,"3.6676703711993204","0.007066864708547482","0.0008656914756822087","ok",,"0.46215912590608255","0.8357218718761954","ok",,"0"
"scrolling","scrolling_01","no_offline_repair","ok","299","39.68353619999834","ok",,"578.2185668945312","0.5642707295569482","0.018505630042791304","ok",,"3.228989315829859","0.002436798784845475","0.0002592209172450044","ok",,"0.41682326066295206","0.8392123788865637","ok",,"0"
"scrolling","scrolling_02","proposed","ok","300","38.62727120000636","ok",,"801.4821014404297","0.4432346335653137","0.019035230274959174","ok",,"3.9796767357735274","0.012649198361346214","0.0003849010653207972","ok",,"0.3267111978960948","0.7637293369012712","ok",,"0.2222222222222222"
"scrolling","scrolling_02","no_reliability_gates","ok","300","42.31280049998895","ok",,"882.925537109375","0.3890721865218445","0.025913560794911167","ok",,"8.076172360210414","0.025112298658302775","0.002175588254710468","ok",,"0.32788082066583846","0.7049302231007701","ok",,"0"
"scrolling","scrolling_02","no_trajectory_smoothing","ok","300","38.31289580001612","ok",,"801.8308181762695","0.4434625555203253","0.01940626861238876","ok",,"4.057006146521213","0.012743654179597793","0.000523029105071363","ok",,"0.36804901442642807","0.7600996792386464","ok",,"0.2222222222222222"
"scrolling","scrolling_02","no_offline_repair","ok","300","40.093774299981305","ok",,"801.4821014404297","0.4432346335653137","0.019035230274959174","ok",,"3.9796767357735274","0.012649198361346214","0.0003849010653207972","ok",,"0.3267111978960948","0.7637293369012712","ok",,"0.2222222222222222"
"scrolling","scrolling_03","proposed","ok","300","38.39817120000953","ok",,"839.5300674438477","0.4308743750880567","0.0321020925997617","ok",,"3.6485955994280705","0.006170260238647419","0.00015483535939730952","ok",,"0.31216800719022963","0.7321612689175014","ok",,"0.4444444444444444"
"scrolling","scrolling_03","no_reliability_gates","ok","300","40.82697189997998","ok",,"559.2645225524902","0.5777144420173264","0.01580044683992813","ok",,"11.09195161269543","0.018226822977862794","0.0007051915606029318","ok",,"0.3977867873027524","0.8437963932453016","ok",,"0"
"scrolling","scrolling_03","no_trajectory_smoothing","ok","300","38.86449909998919","ok",,"838.9983367919922","0.4307794980357156","0.031673181445783676","ok",,"3.866898487341725","0.007086554848292433","0.0005275385367247124","ok",,"0.38136936949103173","0.7286046676193865","ok",,"0.4444444444444444"
"scrolling","scrolling_03","no_offline_repair","ok","300","38.71867669999483","ok",,"839.5300674438477","0.4308743750880567","0.0321020925997617","ok",,"3.6485955994280705","0.006170260238647419","0.00015483535939730952","ok",,"0.31216800719022963","0.7321612689175014","ok",,"0.4444444444444444"
"scrolling","scrolling_04","proposed","ok","299","37.83482650000951","ok",,"763.0918731689453","0.4438695802052124","0.025320740509926644","ok",,"3.353748866861915","0.002502651023598655","0.00037155230039852765","ok",,"0.3413954597966608","0.7844891212144951","ok",,"0"
"scrolling","scrolling_04","no_reliability_gates","ok","299","44.69369099999312","ok",,"854.6966018676758","0.4156149233421627","0.028258388636062868","ok",,"8.734554961958208","0.008538690514374074","0.0019509603753982514","ok",,"0.3333266829593895","0.7387034238620724","ok",,"0"
"scrolling","scrolling_04","no_trajectory_smoothing","ok","299","37.387875599990366","ok",,"763.8351211547852","0.44358509949560465","0.02559029912985818","ok",,"3.5588841980789345","0.004000090412888067","0.0004938010991137179","ok",,"0.39754246486874534","0.7788520306103762","ok",,"0"
"scrolling","scrolling_04","no_offline_repair","ok","299","38.02002540000831","ok",,"763.0918731689453","0.4438695802052124","0.025320740509926644","ok",,"3.353748866861915","0.002502651023598655","0.00037155230039852765","ok",,"0.3413954597966608","0.7844891212144951","ok",,"0"
"scrolling","scrolling_05","proposed","ok","299","38.62526580001577","ok",,"873.6701126098633","0.47294874254205643","0.03294581136433395","ok",,"4.09328085015327","0.004597494801696634","0.00028105460258158064","ok",,"0.32627921915868513","0.7859790058724163","ok",,"0"
"scrolling","scrolling_05","no_reliability_gates","ok","299","39.87908169999719","ok",,"1042.05517578125","0.39629526525989817","0.04295814291860025","ok",,"7.061494554644254","0.0067806630653689725","0.0011174430596675403","ok",,"0.29721707755285776","0.7172076324908219","ok",,"0"
"scrolling","scrolling_05","no_trajectory_smoothing","ok","299","39.38010680000298","ok",,"875.5663528442383","0.47228056585469724","0.03302381547879786","ok",,"4.19116612403392","0.0054993218491962625","0.0004637047546413296","ok",,"0.38247352096891885","0.7792629142134302","ok",,"0"
"scrolling","scrolling_05","no_offline_repair","ok","299","42.13112710000132","ok",,"873.6701126098633","0.47294874254205643","0.03294581136433395","ok",,"4.09328085015327","0.004597494801696634","0.00028105460258158064","ok",,"0.32627921915868513","0.7859790058724163","ok",,"0"
"scrolling","scrolling_06","proposed","ok","300","39.645026600017445","skipped","no overlapping annotation and estimate frames",,,,"ok",,"4.049281431612474","0.006273692529545933","0.0003218866664758269","ok",,"0.6450774107033982","0.99607595190783","ok",,"0"
"scrolling","scrolling_06","no_reliability_gates","ok","300","41.224337699997704","skipped","no overlapping annotation and estimate frames",,,,"ok",,"11.108143745754173","0.01408308008121199","0.0009883986571715343","ok",,"0.6438322083459895","0.9944992219432389","ok",,"0"
"scrolling","scrolling_06","no_trajectory_smoothing","ok","300","37.364927299990086","skipped","no overlapping annotation and estimate frames",,,,"ok",,"4.123437550830066","0.0064352139262451","0.00047143687761575556","ok",,"0.9702281749638116","0.9740708169354817","ok",,"0"
"scrolling","scrolling_06","no_offline_repair","ok","300","39.53719129998353","skipped","no overlapping annotation and estimate frames",,,,"ok",,"4.049361840741408","0.006273918625614983","0.0003219046920479002","ok",,"0.6450774107033982","0.99607595190783","ok",,"0"
"scrolling","scrolling_07","proposed","ok","300","36.89603830000851","skipped","no overlapping annotation and estimate frames",,,,"ok",,"3.554314645546016","0.007549445190792614","0.00022498383174488724","ok",,"0.6382023154944975","0.9915471616014113","ok",,"0"
"scrolling","scrolling_07","no_reliability_gates","ok","300","41.43778740000562","skipped","no overlapping annotation and estimate frames",,,,"ok",,"10.997341261785367","0.0148486668594154","0.001000164641599972","ok",,"0.638771481613463","0.9881519894690255","ok",,"4.111111111111111"
"scrolling","scrolling_07","no_trajectory_smoothing","ok","300","36.676645800005645","skipped","no overlapping annotation and estimate frames",,,,"ok",,"3.7386231540470654","0.007944765368880741","0.00036951168792223273","ok",,"0.9667874965718349","0.9639158995088088","ok",,"0"
"scrolling","scrolling_07","no_offline_repair","ok","300","37.31183230000897","skipped","no overlapping annotation and estimate frames",,,,"ok",,"3.554314645546016","0.007549445190792614","0.00022498383174488724","ok",,"0.6382023154944975","0.9915471616014113","ok",,"0"
"scrolling","scrolling_08","proposed","ok","299","36.2805755000154","skipped","no overlapping annotation and estimate frames",,,,"ok",,"2.8499749753503636","0.011586065902699245","0.0008260353454625409","ok",,"0.7998174791495946","0.9267751514689352","ok",,"0"
"scrolling","scrolling_08","no_reliability_gates","ok","299","35.2082320000045","skipped","no overlapping annotation and estimate frames",,,,"ok",,"2.8526259943344616","0.01158989420682441","0.000822456403189517","ok",,"0.7751201981615818","0.9240874134252416","ok",,"0"
"scrolling","scrolling_08","no_trajectory_smoothing","ok","299","37.05663919998915","skipped","no overlapping annotation and estimate frames",,,,"ok",,"2.973857036774526","0.01200682008506355","0.0008529196630942757","ok",,"0.92442249154694","0.9297975107054852","ok",,"0"
"scrolling","scrolling_08","no_offline_repair","ok","299","38.278961400006665","skipped","no overlapping annotation and estimate frames",,,,"ok",,"2.8499749753503636","0.011586065902699245","0.0008260353454625409","ok",,"0.7998174791495946","0.9267751514689352","ok",,"0"
"scrolling","scrolling_09","proposed","ok","299","39.878322400007164","skipped","no overlapping annotation and estimate frames",,,,"ok",,"0.003069800288241023","3.1616236207080334E-05","1.0123578093221529E-06","ok",,"0.937703213961593","0.9565190263702141","ok",,"1.4444444444444444"
"scrolling","scrolling_09","no_reliability_gates","ok","299","40.16381690002163","skipped","no overlapping annotation and estimate frames",,,,"ok",,"1.690421087939498","0.008041455941160944","0.0006407319270748552","ok",,"0.9248373764700187","0.9660087205169767","ok",,"0.4444444444444444"
"scrolling","scrolling_09","no_trajectory_smoothing","ok","299","40.832801000011386","skipped","no overlapping annotation and estimate frames",,,,"ok",,"0.0055306982266333515","5.695403201041479E-05","1.8244414401182494E-06","ok",,"0.9717320214355254","0.9535054584025063","ok",,"1.4444444444444444"
"scrolling","scrolling_09","no_offline_repair","ok","299","42.61831620000885","skipped","no overlapping annotation and estimate frames",,,,"ok",,"0.003069800288241023","3.1616236207080334E-05","1.0123578093221529E-06","ok",,"0.937703213961593","0.9565190263702141","ok",,"1.4444444444444444"
"scrolling","scrolling_10","proposed","ok","300","38.37208349999855","skipped","no overlapping annotation and estimate frames",,,,"ok",,"0.0025928961093059396","2.7664370914561034E-06","1.5017459073498206E-07","ok",,"0.8863597221986345","0.9567684272606491","ok",,"0.5555555555555556"
"scrolling","scrolling_10","no_reliability_gates","ok","300","39.15523430000758","skipped","no overlapping annotation and estimate frames",,,,"ok",,"2.310420492661428","0.012013443068219883","0.0008107266536648932","ok",,"0.8764870567549281","0.9563418806582722","ok",,"0"
"scrolling","scrolling_10","no_trajectory_smoothing","ok","300","41.09789340000134","skipped","no overlapping annotation and estimate frames",,,,"ok",,"0.0046665972843658934","4.978362502703815E-06","2.6988048955563493E-07","ok",,"0.8974440840288501","0.9550913044532399","ok",,"0.5555555555555556"
"scrolling","scrolling_10","no_offline_repair","ok","300","37.52115379998577","skipped","no overlapping annotation and estimate frames",,,,"ok",,"0.0025928961093059396","2.7664370914561034E-06","1.5017459073498206E-07","ok",,"0.8863597221986345","0.9567684272606491","ok",,"0.5555555555555556"
"static","static_01","proposed","ok","300","38.599535500019556","ok",,"3.43719345331192","0.9957726298166587","0.001015183163570894","ok",,"5.162153390110322","0.026958651272075574","0.001348902039529766","ok",,"0.7736693587105817","0.9926181492656564","ok",,"0"
"static","static_01","no_reliability_gates","ok","300","32.0340903000033","ok",,"3.460717797279358","0.9956886073824545","0.000980628745346848","ok",,"5.160590144592069","0.02698995560990407","0.0013483077100897318","ok",,"0.7732359583385475","0.9931049692139448","ok",,"0"
"static","static_01","no_trajectory_smoothing","ok","300","39.619865299988305","ok",,"2.9173781871795654","0.9964474674707164","0.0009387531132493635","ok",,"5.303777273316265","0.02754608964746147","0.001379715365898889","ok",,"0.8939862915554558","0.9896846804633205","ok",,"0"
"static","static_01","no_offline_repair","ok","300","38.76671229998465","ok",,"3.43719345331192","0.9957726298166587","0.001015183163570894","ok",,"5.162153390110322","0.026958651272075574","0.001348902039529766","ok",,"0.7736693587105817","0.9926181492656564","ok",,"0"
"static","static_02","proposed","ok","300","39.70953009999357","ok",,"1.9141537845134735","0.997949995910165","0.00033516984200746865","ok",,"2.6438370692994666","0.007758288445037944","0.0005421292044297332","ok",,"0.7795028892155378","0.9932144310619784","ok",,"0"
"static","static_02","no_reliability_gates","ok","300","34.279711500013946","ok",,"1.9077427387237549","0.9979735218817157","0.00033780705638597697","ok",,"2.6430953670099853","0.007776688171604296","0.0005423864212545573","ok",,"0.7787649649443082","0.9938838124631854","ok",,"0"
"static","static_02","no_trajectory_smoothing","ok","300","37.580363999994006","ok",,"1.7943862974643707","0.9984202897972365","0.00038884930794718775","ok",,"2.7316352299375164","0.008363075148349637","0.0005819399295765347","ok",,"0.9698240832818259","0.9899124491647753","ok",,"0"
"static","static_02","no_offline_repair","ok","300","38.45478150001145","ok",,"1.9141537845134735","0.997949995910165","0.00033516984200746865","ok",,"2.6438370692994666","0.007758288445037944","0.0005421292044297332","ok",,"0.7795028892155378","0.9932144310619784","ok",,"0"
"static","static_03","proposed","ok","300","38.27248970000073","ok",,"2.621395707130432","0.9979910219137633","0.0005474496934000024","ok",,"3.4257902214153537","0.021200243298193835","0.001242284627026299","ok",,"0.8747900937233375","0.9780042593378973","ok",,"0"
"static","static_03","no_reliability_gates","ok","300","33.09217640000861","ok",,"2.316118746995926","0.9980723588682238","0.0005715849188123676","ok",,"3.4327580893300715","0.0210485990116297","0.0012465473686752817","ok",,"0.8743312323391098","0.9778336403771869","ok",,"0"
"static","static_03","no_trajectory_smoothing","ok","300","40.95588679998764","ok",,"2.9437508583068848","0.9975960948029858","0.0005456016191549498","ok",,"3.6279395157089374","0.025072594168555725","0.0013935311755281898","ok",,"0.9310374950823285","0.9810757006048213","ok",,"0"
"static","static_03","no_offline_repair","ok","300","41.44568130001426","ok",,"2.621395707130432","0.9979910219137633","0.0005474496934000024","ok",,"3.4257902214153537","0.021200243298193835","0.001242284627026299","ok",,"0.8747900937233375","0.9780042593378973","ok",,"0"
"static","static_04","proposed","ok","296","38.51233949998277","ok",,"2.632653921842575","0.9979896319463203","0.0007076709792621905","ok",,"3.9308170919113685","0.01950423587461394","0.0009385031328961274","ok",,"0.848859967757658","0.976857836757889","ok",,"0"
"static","static_04","no_reliability_gates","ok","296","35.451290800003335","ok",,"2.616096019744873","0.9980635092546579","0.0007281526125814001","ok",,"3.9247062188217416","0.01950650772866005","0.0009418181079657191","ok",,"0.8483101248255002","0.9777036990451716","ok",,"0.1111111111111111"
"static","static_04","no_trajectory_smoothing","ok","296","37.13937769999029","ok",,"2.5408124327659607","0.9981083779092739","0.0007643852840361353","ok",,"4.103911270952394","0.02068345160292388","0.001027965567194048","ok",,"0.9540219965774865","0.9843873293774184","ok",,"0.1111111111111111"
"static","static_04","no_offline_repair","ok","296","40.24883349999436","ok",,"2.632653921842575","0.9979896319463203","0.0007076709792621905","ok",,"3.9308170919113685","0.01950423587461394","0.0009385031328961274","ok",,"0.848859967757658","0.976857836757889","ok",,"0"
"static","static_05","proposed","ok","300","36.993614600010915","ok",,"4.1175607442855835","0.9949833993172497","0.0011825583795018898","ok",,"5.7638057111083345","0.026301350767092772","0.0022251943996885273","ok",,"0.8320052893167343","0.9572507585139587","ok",,"0"
"static","static_05","no_reliability_gates","ok","300","34.510080100008054","ok",,"3.955147385597229","0.9953922327117757","0.0010969220464022778","ok",,"5.813814689099097","0.026291674504256513","0.002254183489301455","ok",,"0.8373474123824595","0.959784644743794","ok",,"0"
"static","static_05","no_trajectory_smoothing","ok","300","38.60477720000199","ok",,"4.1937867403030396","0.99481162287113","0.0011288836631431253","ok",,"6.743147847500884","0.045819563885643184","0.0032365885324448828","ok",,"0.9102756155679984","0.9677720978168505","ok",,"0"
"static","static_05","no_offline_repair","ok","300","39.06358490002458","ok",,"4.1175607442855835","0.9949833993172497","0.0011825583795018898","ok",,"5.7638057111083345","0.026301350767092772","0.0022251943996885273","ok",,"0.8320052893167343","0.9572507585139587","ok",,"0"
"static","static_06","proposed","ok","300","37.33713140001055","ok",,"2.6079452633857727","0.997699805094259","0.000859821317957132","ok",,"2.05524288364456","0.00800903861298145","0.00039812520752205324","ok",,"0.8370205077953253","0.9608785922014057","ok",,"0"
"static","static_06","no_reliability_gates","ok","300","33.16525200000615","ok",,"2.650636672973633","0.9977006954576624","0.000845359901777054","ok",,"2.0550975839494345","0.007914929454334136","0.00039481849208237654","ok",,"0.8346220614394457","0.9604885319223706","ok",,"0"
"static","static_06","no_trajectory_smoothing","ok","300","38.66421790001914","ok",,"2.2247717678546906","0.997995306493774","0.0008599406698905812","ok",,"2.1843268324604983","0.009902615195131038","0.0004977867356261177","ok",,"0.9333198964269716","0.9759022235770486","ok",,"0"
"static","static_06","no_offline_repair","ok","300","39.993048400006955","ok",,"2.6079452633857727","0.997699805094259","0.000859821317957132","ok",,"2.05524288364456","0.00800903861298145","0.00039812520752205324","ok",,"0.8370205077953253","0.9608785922014057","ok",,"0"
"static","static_07","proposed","ok","300","39.036369100009324","ok",,"1.9579405387242634","0.9984520426683418","0.0005573219575891333","ok",,"3.365913020711103","0.011052385099484247","0.0006554375047717102","ok",,"0.8888330655618821","0.9832679873850206","ok",,"0"
"static","static_07","no_reliability_gates","ok","300","36.547156999993604","ok",,"2.061399499575297","0.9983913717305485","0.0005623945253660176","ok",,"3.3666669602989154","0.011033137127685222","0.0006525786227654588","ok",,"0.88846212260916","0.9810689944756814","ok",,"0"
"static","static_07","no_trajectory_smoothing","ok","300","40.09738180000568","ok",,"2.004165252049764","0.998362502204098","0.0005779955240870367","ok",,"3.4635383794845924","0.011679011286115802","0.0007359069108766881","ok",,"0.9533698649435176","0.9898547720639287","ok",,"0"
"static","static_07","no_offline_repair","ok","300","37.21922810000251","ok",,"1.9579405387242634","0.9984520426683418","0.0005573219575891333","ok",,"3.365913020711103","0.011052385099484247","0.0006554375047717102","ok",,"0.8888330655618821","0.9832679873850206","ok",,"0"
"static","static_08","proposed","ok","299","36.11453489999985","ok",,"1649.7164611816406","0.15710876604580545","0.006101413613854874","ok",,"0","0","0","ok",,"0.1462738851064719","0.978201263829918","ok",,"3.888888888888889"
"static","static_08","no_reliability_gates","ok","299","35.144555599981686","ok",,"1649.7164611816406","0.15710876604580545","0.006101413613854874","ok",,"0","0","0","ok",,"0.12588394166003747","0.9323915255958127","ok",,"3.6666666666666665"
"static","static_08","no_trajectory_smoothing","ok","299","34.75741150000249","ok",,"1649.7164611816406","0.15710876604580545","0.006101413613854874","ok",,"0","0","0","ok",,"0.1462738851064719","0.978201263829918","ok",,"3.888888888888889"
"static","static_08","no_offline_repair","ok","299","38.25104659999488","ok",,"1649.7164611816406","0.15710876604580545","0.006101413613854874","ok",,"0","0","0","ok",,"0.1462738851064719","0.978201263829918","ok",,"3.888888888888889"
"static","static_09","proposed","ok","299","38.704064300021855","ok",,"2.2703369557857513","0.997774063100481","0.0006427357578716031","ok",,"3.717061805350101","0.011451437240087634","0.0005900911545230304","ok",,"0.9281031745740229","0.9835762264544405","ok",,"0"
"static","static_09","no_reliability_gates","ok","299","33.17291659998591","ok",,"2.2593201100826263","0.9979275378247321","0.0007706542604298395","ok",,"3.701084422709311","0.011752670356576022","0.000580531671578647","ok",,"0.9237921958056227","0.9849049313508607","ok",,"0"
"static","static_09","no_trajectory_smoothing","ok","299","40.39602029998787","ok",,"1.9326022267341614","0.998358234578915","0.0006822175335083443","ok",,"3.951029917320026","0.016476512310462276","0.0008008263099537001","ok",,"0.9497911530000053","0.990662869415931","ok",,"0"
"static","static_09","no_offline_repair","ok","299","39.01628680000431","ok",,"2.2703369557857513","0.997774063100481","0.0006427357578716031","ok",,"3.717061805350101","0.011451437240087634","0.0005900911545230304","ok",,"0.9281031745740229","0.9835762264544405","ok",,"0"
"static","static_10","proposed","ok","300","38.45802399999229","ok",,"2.760623663663864","0.9976021997892344","0.00041169711300249726","ok",,"4.814701363864231","0.015755637708871843","0.0012484510899192385","ok",,"0.9079352668650706","0.9859224209901385","ok",,"0"
"static","static_10","no_reliability_gates","ok","300","33.505531499977224","ok",,"2.7392234802246094","0.9976021997892344","0.00044535585251076476","ok",,"4.809955207146062","0.015723568533292997","0.0012478487634446044","ok",,"0.9104417487785185","0.9857251188147632","ok",,"0"
"static","static_10","no_trajectory_smoothing","ok","300","38.0125428000174","ok",,"2.7567752599716187","0.997721868370304","0.0005031233429226092","ok",,"4.924587920183958","0.01680925654149796","0.0012739689092508468","ok",,"0.9299854063044928","0.9905301519510268","ok",,"0"
"static","static_10","no_offline_repair","ok","300","39.00713059998816","ok",,"2.760623663663864","0.9976021997892344","0.00041169711300249726","ok",,"4.814701363864231","0.015755637708871843","0.0012484510899192385","ok",,"0.9079352668650706","0.9859224209901385","ok",,"0"
"weak_border","weak_border_01","proposed","ok","300","35.11097219999647","ok",,"206.26935958862305","0.8186776252966962","0.008318676726412606","ok",,"0.028793279052015962","0.00025203535321354344","1.9175729829816463E-05","ok",,"0.3466151432480137","0.9663821460875885","ok",,"1.1111111111111112"
"weak_border","weak_border_01","no_reliability_gates","ok","300","35.922938300005626","ok",,"41.888391971588135","0.9664285122976135","0.007798461172852801","ok",,"3.250987030430626","0.022412877324952955","0.001832467898451921","ok",,"0.6005785497246638","0.9243724429787814","ok",,"0"
"weak_border","weak_border_01","no_trajectory_smoothing","ok","300","35.29986570001347","ok",,"206.2693328857422","0.8186776252966962","0.008318760422766823","ok",,"0.23843966451659646","0.0008372952652023135","0.00014999891518314252","ok",,"0.3528180911937475","0.9681611024011317","ok",,"1.1111111111111112"
"weak_border","weak_border_01","no_offline_repair","ok","300","36.116411800001515","ok",,"206.26935958862305","0.8186776252966962","0.008318676726412606","ok",,"0.028793279052015962","0.00025203535321354344","1.9175729829816463E-05","ok",,"0.3466151432480137","0.9663821460875885","ok",,"1.1111111111111112"
"weak_border","weak_border_02","proposed","ok","300","31.299062099977164","ok",,"126.04499816894531","0.8926742158832729","0.007948878868291947","ok",,"0.005159921158934343","0.00015087311161891684","7.86944695099665E-07","ok",,"0.2120162476783817","1.2496322352099751","ok",,"1.5555555555555556"
"weak_border","weak_border_02","no_reliability_gates","ok","300","31.089709299994865","ok",,"49.84101152420044","0.9604570317694279","0.009269827121531671","ok",,"10.413920689556923","0.039117234266296215","0.007066686113801313","ok",,"0.46540494637474505","1.1553310012050049","ok",,"0"
"weak_border","weak_border_02","no_trajectory_smoothing","ok","300","29.263439400005154","ok",,"126.04494094848633","0.8926742158832729","0.007948766807080685","ok",,"0.009284678548766292","0.00027215343524354083","1.4258027524962978E-06","ok",,"0.2415915245023556","1.2446824264391894","ok",,"1.6666666666666667"
"weak_border","weak_border_02","no_offline_repair","ok","300","31.187284799991176","ok",,"126.04499816894531","0.8926742158832729","0.007948878868291947","ok",,"0.005159921158934343","0.00015087311161891684","7.86944695099665E-07","ok",,"0.2120162476783817","1.2496322352099751","ok",,"1.5555555555555556"
"weak_border","weak_border_03","proposed","ok","300","31.72600870000315","ok",,"188.20003509521484","0.8309589471946516","0.002683023822065639","ok",,"0.010174427057167533","0.00016408422340488665","9.054603151078299E-06","ok",,"0.6609221757772531","1.0911743149764206","ok",,"0.5555555555555556"
"weak_border","weak_border_03","no_reliability_gates","ok","300","30.208854199998314","ok",,"101.52710723876953","0.9185901265332375","0.0051912195424167395","ok",,"12.222901971085188","0.07510230976388371","0.008456092101218353","ok",,"0.7513428146422448","0.9621036695839636","ok",,"0"
"weak_border","weak_border_03","no_trajectory_smoothing","ok","300","31.03776020000805","ok",,"188.19997024536133","0.8309589471946516","0.0026830189941342095","ok",,"0.01836004065994604","0.0002937890984349533","1.6289385452458382E-05","ok",,"0.6589282605156959","1.0919298158914468","ok",,"0.7777777777777778"
"weak_border","weak_border_03","no_offline_repair","ok","300","32.35658210000838","ok",,"188.20003509521484","0.8309589471946516","0.002683023822065639","ok",,"0.010174427057167533","0.00016408422340488665","9.054603151078299E-06","ok",,"0.6609221757772531","1.0911743149764206","ok",,"0.5555555555555556"
"weak_border","weak_border_04","proposed","ok","300","30.380497800011653","ok",,"126.04499816894531","0.8926742158832729","0.007948878868291947","ok",,"0.005159921158934343","0.00015087311161891684","7.86944695099665E-07","ok",,"0.2120162476783817","1.2496322352099751","ok",,"1.5555555555555556"
"weak_border","weak_border_04","no_reliability_gates","ok","300","29.020746499998495","ok",,"49.84101152420044","0.9604570317694279","0.009269827121531671","ok",,"10.413920689556923","0.039117234266296215","0.007066686113801313","ok",,"0.46540494637474505","1.1553310012050049","ok",,"0"
"weak_border","weak_border_04","no_trajectory_smoothing","ok","300","30.55037129999255","ok",,"126.04494094848633","0.8926742158832729","0.007948766807080685","ok",,"0.009284678548766292","0.00027215343524354083","1.4258027524962978E-06","ok",,"0.2415915245023556","1.2446824264391894","ok",,"1.6666666666666667"
"weak_border","weak_border_04","no_offline_repair","ok","300","30.87086339999223","ok",,"126.04499816894531","0.8926742158832729","0.007948878868291947","ok",,"0.005159921158934343","0.00015087311161891684","7.86944695099665E-07","ok",,"0.2120162476783817","1.2496322352099751","ok",,"1.5555555555555556"
"weak_border","weak_border_05","proposed","ok","300","35.63408030002029","ok",,"206.26935958862305","0.8186776252966962","0.008318676726412606","ok",,"0.028793279052015962","0.00025203535321354344","1.9175729829816463E-05","ok",,"0.3466151432480137","0.9663821460875885","ok",,"1.1111111111111112"
"weak_border","weak_border_05","no_reliability_gates","ok","300","35.75105500000063","ok",,"41.888391971588135","0.9664285122976135","0.007798461172852801","ok",,"3.250987030430626","0.022412877324952955","0.001832467898451921","ok",,"0.6005785497246638","0.9243724429787814","ok",,"0"
"weak_border","weak_border_05","no_trajectory_smoothing","ok","300","36.953074999997625","ok",,"206.2693328857422","0.8186776252966962","0.008318760422766823","ok",,"0.23843966451659646","0.0008372952652023135","0.00014999891518314252","ok",,"0.3528180911937475","0.9681611024011317","ok",,"1.1111111111111112"
"weak_border","weak_border_05","no_offline_repair","ok","300","36.407049699977506","ok",,"206.26935958862305","0.8186776252966962","0.008318676726412606","ok",,"0.028793279052015962","0.00025203535321354344","1.9175729829816463E-05","ok",,"0.3466151432480137","0.9663821460875885","ok",,"1.1111111111111112"
"weak_border","weak_border_06","proposed","ok","300","31.9073646000179","ok",,"188.20003509521484","0.8309589471946516","0.002683023822065639","ok",,"0.010174427057167533","0.00016408422340488665","9.054603151078299E-06","ok",,"0.6609221757772531","1.0911743149764206","ok",,"0.5555555555555556"
"weak_border","weak_border_06","no_reliability_gates","ok","300","30.450892599998042","ok",,"101.52710723876953","0.9185901265332375","0.0051912195424167395","ok",,"12.222901971085188","0.07510230976388371","0.008456092101218353","ok",,"0.7513428146422448","0.9621036695839636","ok",,"0"
"weak_border","weak_border_06","no_trajectory_smoothing","ok","300","33.395424799993634","ok",,"188.19997024536133","0.8309589471946516","0.0026830189941342095","ok",,"0.01836004065994604","0.0002937890984349533","1.6289385452458382E-05","ok",,"0.6589282605156959","1.0919298158914468","ok",,"0.7777777777777778"
"weak_border","weak_border_06","no_offline_repair","ok","300","31.017643200000748","ok",,"188.20003509521484","0.8309589471946516","0.002683023822065639","ok",,"0.010174427057167533","0.00016408422340488665","9.054603151078299E-06","ok",,"0.6609221757772531","1.0911743149764206","ok",,"0.5555555555555556"
"weak_border","weak_border_07","proposed","ok","300","29.332810199994128","ok",,"126.04499816894531","0.8926742158832729","0.007948878868291947","ok",,"0.005159921158934343","0.00015087311161891684","7.86944695099665E-07","ok",,"0.2120162476783817","1.2496322352099751","ok",,"1.5555555555555556"
"weak_border","weak_border_07","no_reliability_gates","ok","300","29.60197339998558","ok",,"49.84101152420044","0.9604570317694279","0.009269827121531671","ok",,"10.413920689556923","0.039117234266296215","0.007066686113801313","ok",,"0.46540494637474505","1.1553310012050049","ok",,"0"
"weak_border","weak_border_07","no_trajectory_smoothing","ok","300","32.426042400009464","ok",,"126.04494094848633","0.8926742158832729","0.007948766807080685","ok",,"0.009284678548766292","0.00027215343524354083","1.4258027524962978E-06","ok",,"0.2415915245023556","1.2446824264391894","ok",,"1.6666666666666667"
"weak_border","weak_border_07","no_offline_repair","ok","300","30.92669369999203","ok",,"126.04499816894531","0.8926742158832729","0.007948878868291947","ok",,"0.005159921158934343","0.00015087311161891684","7.86944695099665E-07","ok",,"0.2120162476783817","1.2496322352099751","ok",,"1.5555555555555556"
"weak_border","weak_border_08","proposed","ok","300","35.59537629998522","ok",,"206.26935958862305","0.8186776252966962","0.008318676726412606","ok",,"0.028793279052015962","0.00025203535321354344","1.9175729829816463E-05","ok",,"0.3466151432480137","0.9663821460875885","ok",,"1.1111111111111112"
"weak_border","weak_border_08","no_reliability_gates","ok","300","35.27404230000684","ok",,"41.888391971588135","0.9664285122976135","0.007798461172852801","ok",,"3.250987030430626","0.022412877324952955","0.001832467898451921","ok",,"0.6005785497246638","0.9243724429787814","ok",,"0"
"weak_border","weak_border_08","no_trajectory_smoothing","ok","300","35.9905199999921","ok",,"206.2693328857422","0.8186776252966962","0.008318760422766823","ok",,"0.23843966451659646","0.0008372952652023135","0.00014999891518314252","ok",,"0.3528180911937475","0.9681611024011317","ok",,"1.1111111111111112"
"weak_border","weak_border_08","no_offline_repair","ok","300","35.90364890001365","ok",,"206.26935958862305","0.8186776252966962","0.008318676726412606","ok",,"0.028793279052015962","0.00025203535321354344","1.9175729829816463E-05","ok",,"0.3466151432480137","0.9663821460875885","ok",,"1.1111111111111112"
"weak_border","weak_border_09","proposed","ok","300","30.30402250000043","ok",,"126.04499816894531","0.8926742158832729","0.007948878868291947","ok",,"0.005159921158934343","0.00015087311161891684","7.86944695099665E-07","ok",,"0.2120162476783817","1.2496322352099751","ok",,"1.5555555555555556"
"weak_border","weak_border_09","no_reliability_gates","ok","300","28.624428399984026","ok",,"49.84101152420044","0.9604570317694279","0.009269827121531671","ok",,"10.413920689556923","0.039117234266296215","0.007066686113801313","ok",,"0.46540494637474505","1.1553310012050049","ok",,"0"
"weak_border","weak_border_09","no_trajectory_smoothing","ok","300","30.582494199974462","ok",,"126.04494094848633","0.8926742158832729","0.007948766807080685","ok",,"0.009284678548766292","0.00027215343524354083","1.4258027524962978E-06","ok",,"0.2415915245023556","1.2446824264391894","ok",,"1.6666666666666667"
"weak_border","weak_border_09","no_offline_repair","ok","300","29.88120189998881","ok",,"126.04499816894531","0.8926742158832729","0.007948878868291947","ok",,"0.005159921158934343","0.00015087311161891684","7.86944695099665E-07","ok",,"0.2120162476783817","1.2496322352099751","ok",,"1.5555555555555556"
"weak_border","weak_border_10","proposed","ok","300","31.158006100013154","ok",,"188.20003509521484","0.8309589471946516","0.002683023822065639","ok",,"0.010174427057167533","0.00016408422340488665","9.054603151078299E-06","ok",,"0.6609221757772531","1.0911743149764206","ok",,"0.5555555555555556"
"weak_border","weak_border_10","no_reliability_gates","ok","300","31.63608500000555","ok",,"101.52710723876953","0.9185901265332375","0.0051912195424167395","ok",,"12.222901971085188","0.07510230976388371","0.008456092101218353","ok",,"0.7513428146422448","0.9621036695839636","ok",,"0"
"weak_border","weak_border_10","no_trajectory_smoothing","ok","300","31.96843579999404","ok",,"188.19997024536133","0.8309589471946516","0.0026830189941342095","ok",,"0.01836004065994604","0.0002937890984349533","1.6289385452458382E-05","ok",,"0.6589282605156959","1.0919298158914468","ok",,"0.7777777777777778"
"weak_border","weak_border_10","no_offline_repair","ok","300","31.558314699999755","ok",,"188.20003509521484","0.8309589471946516","0.002683023822065639","ok",,"0.010174427057167533","0.00016408422340488665","9.054603151078299E-06","ok",,"0.6609221757772531","1.0911743149764206","ok",,"0.5555555555555556"
