video,frame,time_seconds,ok,reason,feature_count,tracked_count,inlier_count,inlier_ratio,inlier_coverage_x,inlier_coverage_y,translation_x_px,translation_y_px,translation_px,rotation_deg,scale,scale_delta
/Users/cr/Codes/screen-normalize/runs/proposal_best_geometry_gate/VID20260621024117_normalized.mp4,1,0.01662607770169143,True,ok,800,800,800,1.0,0.6254559755325317,0.7581093311309814,0.023315251358371036,0.023292338265281716,0.03295654666023625,3.37896204455964e-05,0.999953428315122,-4.657168487798291e-05
/Users/cr/Codes/screen-normalize/runs/proposal_best_geometry_gate/VID20260621024117_normalized.mp4,2,0.03325215540338286,True,ok,800,800,796,0.995,0.6215476989746094,0.7574142217636108,-0.02492461384225393,0.0022664733726713293,0.02502745046413047,-0.001956859978591145,1.0000149665070732,1.496650707322189e-05
/Users/cr/Codes/screen-normalize/runs/proposal_best_geometry_gate/VID20260621024117_normalized.mp4,3,0.0498782331050743,True,ok,800,800,800,1.0,0.623866617679596,0.7571825981140137,-0.0017833054453643194,-0.0008893296257577416,0.0019927582629903806,0.0007785582184751262,1.0000065777003906,6.577700390586472e-06
/Users/cr/Codes/screen-normalize/runs/proposal_best_geometry_gate/VID20260621024117_normalized.mp4,4,0.06650431080676572,True,ok,800,800,800,1.0,0.6245700716972351,0.7571825981140137,-0.005261324082263624,-0.006856081473583575,0.008642186313139927,-0.0004989133315426009,1.0000168769582118,1.6876958211842208e-05
/Users/cr/Codes/screen-normalize/runs/proposal_best_geometry_gate/VID20260621024117_normalized.mp4,5,0.08313038850845716,True,ok,800,800,800,1.0,0.6130797266960144,0.7581093311309814,0.013570302436084293,-0.010537424738553347,0.017181106725920523,0.0018415735712625783,0.9999998089746853,-1.910253146775176e-07
/Users/cr/Codes/screen-normalize/runs/proposal_best_geometry_gate/VID20260621024117_normalized.mp4,6,0.0997564662101486,True,ok,800,800,800,1.0,0.6091974973678589,0.759036123752594,0.002100497931801353,0.011054480993374263,0.011252272730180984,-0.0005782028370038144,0.9999898630428928,-1.0136957107165223e-05
/Users/cr/Codes/screen-normalize/runs/proposal_best_geometry_gate/VID20260621024117_normalized.mp4,7,0.11638254391184003,True,ok,800,800,800,1.0,0.6093538403511047,0.7581093311309814,-0.006465350423823818,-0.00012197077195998801,0.006466500829045902,-0.0007723996502068634,0.9999990944478634,-9.055521366096997e-07
/Users/cr/Codes/screen-normalize/runs/proposal_best_geometry_gate/VID20260621024117_normalized.mp4,8,0.13300862161353144,True,ok,800,800,800,1.0,0.6071130633354187,0.7572288513183594,0.010752723692690305,-0.012999934227961085,0.016870665569047878,0.0019612026998200734,1.0000061539594303,6.153959430266198e-06
/Users/cr/Codes/screen-normalize/runs/proposal_best_geometry_gate/VID20260621024117_normalized.mp4,9,0.14963469931522289,True,ok,800,800,800,1.0,0.6071130633354187,0.7581093311309814,-0.016746487418624778,-0.0036567393652612024,0.017141078835581174,-0.0006323007353515917,1.000015752964837,1.5752964837023598e-05
/Users/cr/Codes/screen-normalize/runs/proposal_best_geometry_gate/VID20260621024117_normalized.mp4,10,0.16626077701691433,True,ok,800,800,800,1.0,0.6130276322364807,0.7581556439399719,0.010185480278167342,0.011964850149886505,0.015713104327476954,-0.0006865432771829619,0.9999754739452424,-2.4526054757556537e-05
/Users/cr/Codes/screen-normalize/runs/proposal_best_geometry_gate/VID20260621024117_normalized.mp4,11,0.18288685471860575,True,ok,800,800,800,1.0,0.6160239577293396,0.7571825981140137,-0.019461144298499433,0.00014198903295259413,0.019461662269510686,-0.0007677165597103821,1.0000292312661208,2.9231266120754995e-05
/Users/cr/Codes/screen-normalize/runs/proposal_best_geometry_gate/VID20260621024117_normalized.mp4,12,0.1995129324202972,True,ok,800,800,800,1.0,0.615554928779602,0.7563021183013916,0.0035421133842906682,-0.009696287366758621,0.010323010991272552,0.0007707864250032335,0.9999915426835037,-8.457316496346401e-06
/Users/cr/Codes/screen-normalize/runs/proposal_best_geometry_gate/VID20260621024117_normalized.mp4,13,0.2161390101219886,True,ok,800,800,800,1.0,0.6087024211883545,0.7572752237319946,0.0010312844398548,0.010336662078046382,0.010387980097767265,0.00021830739726063552,0.9999902625594873,-9.737440512691542e-06
/Users/cr/Codes/screen-normalize/runs/proposal_best_geometry_gate/VID20260621024117_normalized.mp4,14,0.23276508782368005,True,ok,800,800,800,1.0,0.6181083917617798,0.7581093311309814,0.011338531788227413,0.0022011993157103503,0.011550219977997269,0.0007123741602658823,0.9999963376825864,-3.6623174135552716e-06
/Users/cr/Codes/screen-normalize/runs/proposal_best_geometry_gate/VID20260621024117_normalized.mp4,15,0.24939116552537147,True,ok,800,800,800,1.0,0.6094319820404053,0.7581093311309814,-0.011460425943986878,0.007209928536925023,0.013539735312227241,-0.0006342727393463544,0.9999866149960076,-1.3385003992394395e-05
/Users/cr/Codes/screen-normalize/runs/proposal_best_geometry_gate/VID20260621024117_normalized.mp4,16,0.2660172432270629,True,ok,800,800,799,0.99875,0.6181865930557251,0.7572752237319946,0.010858794544233413,0.0014220397640464276,0.010951512043750057,0.0005315222883990454,0.9999990231039039,-9.768960961276107e-07
/Users/cr/Codes/screen-normalize/runs/proposal_best_geometry_gate/VID20260621024117_normalized.mp4,17,0.2826433209287543,True,ok,800,800,799,0.99875,0.6201146841049194,0.7571825981140137,-0.01798894388123451,-0.0043683515145782215,0.018511742136198914,-0.001422795602995652,0.9999991638339673,-8.361660327471654e-07
/Users/cr/Codes/screen-normalize/runs/proposal_best_geometry_gate/VID20260621024117_normalized.mp4,18,0.29926939863044577,True,ok,800,800,800,1.0,0.6198279857635498,0.7563021183013916,0.02130012169216732,-0.007055954315133776,0.02243839734469447,0.0013776681609486093,1.0000310485168982,3.10485168981689e-05
/Users/cr/Codes/screen-normalize/runs/proposal_best_geometry_gate/VID20260621024117_normalized.mp4,19,0.3158954763321372,True,ok,800,800,798,0.9975,0.6312141418457031,0.7581093311309814,-0.0011153280965799448,-0.0045103776542233165,0.004646231090543998,0.0005544229709054194,1.000000018264385,1.8264384893385e-08
/Users/cr/Codes/screen-normalize/runs/proposal_best_geometry_gate/VID20260621024117_normalized.mp4,20,0.33252155403382866,True,ok,800,800,800,1.0,0.6056279540061951,0.7599165439605713,-0.0024460684156657753,0.0050580990201233855,0.005618506597975198,-0.0004744375309282071,0.9999871350313962,-1.2864968603754079e-05
/Users/cr/Codes/screen-normalize/runs/proposal_best_geometry_gate/VID20260621024117_normalized.mp4,21,0.34914763173552005,True,ok,800,800,800,1.0,0.615007758140564,0.759036123752594,0.00859116665509821,0.005501724357660113,0.01020181922028331,0.0006920461453337238,1.0000071963970343,7.196397034281432e-06
/Users/cr/Codes/screen-normalize/runs/proposal_best_geometry_gate/VID20260621024117_normalized.mp4,22,0.3657737094372115,True,ok,800,800,800,1.0,0.6307191252708435,0.759036123752594,-0.007475774518472769,0.015784264863057146,0.01746511442614068,-0.0016948123404031867,0.9999780473387421,-2.195266125792905e-05
/Users/cr/Codes/screen-normalize/runs/proposal_best_geometry_gate/VID20260621024117_normalized.mp4,23,0.38239978713890294,True,ok,800,800,800,1.0,0.6260812878608704,0.7617238163948059,-0.001716025982301056,-0.010627003429900885,0.010764661958048543,0.0005379579460524468,1.0000301331340562,3.013313405619833e-05
/Users/cr/Codes/screen-normalize/runs/proposal_best_geometry_gate/VID20260621024117_normalized.mp4,24,0.3990258648405944,True,ok,800,800,800,1.0,0.6188900470733643,0.7590361833572388,-0.006648720369517614,0.017309445327039617,0.01854244806064755,-0.0015858553817629686,0.9999998206046299,-1.7939537011457674e-07
/Users/cr/Codes/screen-normalize/runs/proposal_best_geometry_gate/VID20260621024117_normalized.mp4,25,0.41565194254228577,True,ok,800,800,800,1.0,0.6208702325820923,0.7943001985549927,0.011044044740101885,-0.019651765795775544,0.022542467103522312,0.0015831576441877387,0.9999968174161581,-3.182583841909725e-06
/Users/cr/Codes/screen-normalize/runs/proposal_best_geometry_gate/VID20260621024117_normalized.mp4,26,0.4322780202439772,True,ok,800,800,800,1.0,0.6213913559913635,0.7607506513595581,-0.006546733872373214,0.01127067826698664,0.01303410576117916,-0.0003339507940459249,0.9999974094459442,-2.5905540558257556e-06
/Users/cr/Codes/screen-normalize/runs/proposal_best_geometry_gate/VID20260621024117_normalized.mp4,27,0.44890409794566866,True,ok,800,800,800,1.0,0.6285825967788696,0.7951806783676147,-0.011177008102399575,0.007592560103009947,0.01351193838939936,-0.0011484799282149196,0.9999783648254519,-2.163517454811803e-05
/Users/cr/Codes/screen-normalize/runs/proposal_best_geometry_gate/VID20260621024117_normalized.mp4,28,0.4655301756473601,True,ok,800,800,799,0.99875,0.6215737462043762,0.7625579833984375,-0.00014212290152825977,-0.0036069611504724874,0.0036097600557594713,0.0006057003469798814,1.0000187988766873,1.8798876687320387e-05
/Users/cr/Codes/screen-normalize/runs/proposal_best_geometry_gate/VID20260621024117_normalized.mp4,29,0.48215625334905154,True,ok,800,800,799,0.99875,0.61552894115448,0.7634847164154053,-0.005832047884035237,-0.015927092466717876,0.01696128111214071,0.00022018584463839175,1.0000233667491831,2.3366749183129087e-05
/Users/cr/Codes/screen-normalize/runs/proposal_best_geometry_gate/VID20260621024117_normalized.mp4,30,0.49878233105074293,True,ok,800,800,800,1.0,0.6296769380569458,0.7952269911766052,-0.004428441040841745,-0.00590290260380409,0.007379386776840513,-0.00012461418340094495,0.9999995394880917,-4.6051190827345323e-07
/Users/cr/Codes/screen-normalize/runs/proposal_best_geometry_gate/VID20260621024117_normalized.mp4,31,0.5154084087524344,True,ok,800,800,800,1.0,0.6290515661239624,0.7961074709892273,-0.0010753332514045616,0.012560891081734707,0.012606836493299134,9.056723531623334e-05,0.9999855641730463,-1.4435826953707043e-05
/Users/cr/Codes/screen-normalize/runs/proposal_best_geometry_gate/VID20260621024117_normalized.mp4,32,0.5320344864541258,True,ok,800,800,800,1.0,0.6160500645637512,0.7617238163948059,-0.003668808093276284,-0.017933526640444227,0.01830495918020066,-8.775335090708689e-05,1.00001570162198,1.5701621979946623e-05
/Users/cr/Codes/screen-normalize/runs/proposal_best_geometry_gate/VID20260621024117_normalized.mp4,33,0.5486605641558172,True,ok,800,800,800,1.0,0.6196455955505371,0.7608433365821838,0.009720646997513011,-0.00688014789476537,0.01190913150083175,0.0009240762896755799,1.0000191374737537,1.9137473753705336e-05
/Users/cr/Codes/screen-normalize/runs/proposal_best_geometry_gate/VID20260621024117_normalized.mp4,34,0.5652866418575087,True,ok,800,800,800,1.0,0.6135748028755188,0.759036123752594,0.015410896894925908,0.013400948774365639,0.02042256524433718,0.00018582279661949415,0.9999646793324288,-3.532066757117036e-05
/Users/cr/Codes/screen-normalize/runs/proposal_best_geometry_gate/VID20260621024117_normalized.mp4,35,0.5819127195592001,True,ok,800,800,800,1.0,0.6134445667266846,0.7608433365821838,0.008403082137789505,0.024646724206489376,0.026039831096326,-0.0011377905058038737,0.999974993056682,-2.5006943317973374e-05
/Users/cr/Codes/screen-normalize/runs/proposal_best_geometry_gate/VID20260621024117_normalized.mp4,36,0.5985387972608915,True,ok,800,800,800,1.0,0.6175612211227417,0.7590824365615845,-0.0289610448357355,-0.008866148002879774,0.03028779784643398,-0.0008594673807219307,1.0000256745226435,2.5674522643459596e-05
/Users/cr/Codes/screen-normalize/runs/proposal_best_geometry_gate/VID20260621024117_normalized.mp4,37,0.615164874962583,True,ok,800,800,800,1.0,0.618629515171051,0.7590824365615845,0.011955544771152904,-0.020520359717896508,0.023749109745986506,0.0007562426826640995,1.0000181369899965,1.8136989996531128e-05
/Users/cr/Codes/screen-normalize/runs/proposal_best_geometry_gate/VID20260621024117_normalized.mp4,38,0.6317909526642744,True,ok,800,800,800,1.0,0.6093798875808716,0.7599629163742065,-0.00020782272740465098,0.0013822224928388333,0.0013977586722090142,-0.0003994746987111144,0.9999872597599703,-1.27402400297294e-05
/Users/cr/Codes/screen-normalize/runs/proposal_best_geometry_gate/VID20260621024117_normalized.mp4,39,0.6484170303659659,True,ok,800,800,800,1.0,0.609171450138092,0.7590824365615845,0.0008445896143270305,-0.008602755859767624,0.008644115917744005,0.001275098710940063,1.0000138985618237,1.3898561823655342e-05
/Users/cr/Codes/screen-normalize/runs/proposal_best_geometry_gate/VID20260621024117_normalized.mp4,40,0.6650431080676573,True,ok,800,800,800,1.0,0.609874963760376,0.7599629163742065,-0.013178176893979937,0.010381631982274233,0.016776251931358382,-0.00205946577241426,0.9999929281856186,-7.0718143814207934e-06
/Users/cr/Codes/screen-normalize/runs/proposal_best_geometry_gate/VID20260621024117_normalized.mp4,41,0.6816691857693487,True,ok,800,800,800,1.0,0.6191245317459106,0.759036123752594,0.019812165824686492,0.00914671622046414,0.02182164824853011,0.0005799779090210896,0.999977844793543,-2.215520645698632e-05
/Users/cr/Codes/screen-normalize/runs/proposal_best_geometry_gate/VID20260621024117_normalized.mp4,42,0.6982952634710401,True,ok,800,800,800,1.0,0.630198061466217,0.7581556439399719,-0.001056929612606112,-0.014368530399220862,0.014407351111128574,0.0008105695443740339,1.0000163871667278,1.6387166727804825e-05
/Users/cr/Codes/screen-normalize/runs/proposal_best_geometry_gate/VID20260621024117_normalized.mp4,43,0.7149213411727315,True,ok,800,800,800,1.0,0.62657630443573,0.759036123752594,-0.005979330793760236,0.02553300769075696,0.02622378459485708,-0.0015733537957831694,0.9999884427582125,-1.1557241787474304e-05
/Users/cr/Codes/screen-normalize/runs/proposal_best_geometry_gate/VID20260621024117_normalized.mp4,44,0.731547418874423,True,ok,800,800,800,1.0,0.6358259320259094,0.7590824365615845,0.011572518683134463,-0.017325701748040868,0.020835141701787453,0.001302069786744369,1.0000058076258067,5.807625806708572e-06
/Users/cr/Codes/screen-normalize/runs/proposal_best_geometry_gate/VID20260621024117_normalized.mp4,45,0.7481734965761144,True,ok,800,800,800,1.0,0.6353309154510498,0.7590824365615845,-0.00979342242876512,-0.009055902441000413,0.013338684038883181,-7.73169777378934e-05,1.0000315426054618,3.154260546178733e-05
/Users/cr/Codes/screen-normalize/runs/proposal_best_geometry_gate/VID20260621024117_normalized.mp4,46,0.7647995742778059,True,ok,800,800,800,1.0,0.6369463801383972,0.759036123752594,0.013335117624184172,-0.014814097153185792,0.01993195516036635,0.0007955073785855317,1.0000067482216946,6.74822169455247e-06
/Users/cr/Codes/screen-normalize/runs/proposal_best_geometry_gate/VID20260621024117_normalized.mp4,47,0.7814256519794973,True,ok,800,800,800,1.0,0.6587284803390503,0.7572288513183594,-0.004877524261199084,0.04290560181113623,0.04318195120295472,-0.0013658531473689007,0.9999483273868688,-5.167261313121507e-05
/Users/cr/Codes/screen-normalize/runs/proposal_best_geometry_gate/VID20260621024117_normalized.mp4,48,0.7980517296811888,True,ok,800,800,800,1.0,0.6587284803390503,0.7572752237319946,0.011987587579989935,0.003162147017855832,0.012397638071441813,0.00030125611683544525,0.9999786429475961,-2.1357052403914167e-05
/Users/cr/Codes/screen-normalize/runs/proposal_best_geometry_gate/VID20260621024117_normalized.mp4,49,0.8146778073828802,True,ok,800,800,800,1.0,0.6560969352722168,0.7562557458877563,0.007180119563517051,-0.010127738011816656,0.012414716838591055,0.00038717539239998535,1.0000117846448622,1.178464486217834e-05
/Users/cr/Codes/screen-normalize/runs/proposal_best_geometry_gate/VID20260621024117_normalized.mp4,50,0.8313038850845715,True,ok,800,800,800,1.0,0.6609171628952026,0.7572289109230042,-0.015814520778239638,-0.0241916199737153,0.028902137367295768,-0.0004728695141326848,1.0000385859427425,3.858594274253058e-05
/Users/cr/Codes/screen-normalize/runs/proposal_best_geometry_gate/VID20260621024117_normalized.mp4,51,0.847929962786263,True,ok,800,800,800,1.0,0.6714174151420593,0.7581557035446167,0.02027000000196409,-0.007913595357337384,0.02176000669943132,0.0011062945011487506,0.9999770511585595,-2.294884144049547e-05
/Users/cr/Codes/screen-normalize/runs/proposal_best_geometry_gate/VID20260621024117_normalized.mp4,52,0.8645560404879544,True,ok,800,800,800,1.0,0.6718603372573853,0.7581093311309814,-0.020048461049587435,-0.013427856247127227,0.024129817940679497,-0.0005251730751230632,1.0000233686419013,2.3368641901333476e-05
/Users/cr/Codes/screen-normalize/runs/proposal_best_geometry_gate/VID20260621024117_normalized.mp4,53,0.8811821181896459,True,ok,800,800,800,1.0,0.6603439450263977,0.759036123752594,0.016914654111518573,0.024682102369768012,0.029921759659218238,-7.226522811586748e-05,0.9999704166417791,-2.9583358220897082e-05
/Users/cr/Codes/screen-normalize/runs/proposal_best_geometry_gate/VID20260621024117_normalized.mp4,54,0.8978081958913373,True,ok,800,800,800,1.0,0.6556279063224792,0.7572288513183594,0.0007565316549526662,0.0005810931988714686,0.000953944154927371,0.00010509780699113928,0.9999977998170073,-2.2001829926843186e-06
/Users/cr/Codes/screen-normalize/runs/proposal_best_geometry_gate/VID20260621024117_normalized.mp4,55,0.9144342735930288,True,ok,800,800,800,1.0,0.6415320038795471,0.759036123752594,0.00704245172926897,0.010798554783846892,0.012892048393441055,0.0005956530215521909,0.9999964354929195,-3.5645070805001566e-06
/Users/cr/Codes/screen-normalize/runs/proposal_best_geometry_gate/VID20260621024117_normalized.mp4,56,0.9310603512947202,True,ok,800,800,799,0.99875,0.6416362524032593,0.7581093311309814,0.008505560590086152,-0.011017966150768223,0.013919056686826914,0.0008161324930762638,1.0000089062051425,8.906205142489299e-06
/Users/cr/Codes/screen-normalize/runs/proposal_best_geometry_gate/VID20260621024117_normalized.mp4,57,0.9476864289964116,True,ok,800,800,790,0.9875,0.6195935606956482,0.7571825981140137,0.0200614320614346,0.007679540383558285,0.021481070663685705,0.0011760120218122269,0.9999724540904962,-2.7545909503823296e-05
/Users/cr/Codes/screen-normalize/runs/proposal_best_geometry_gate/VID20260621024117_normalized.mp4,58,0.9643125066981031,True,ok,800,800,800,1.0,0.6624544262886047,0.7581556439399719,-0.005360066057455454,0.001646044041974798,0.0056071177202201465,-0.00039802516016675175,1.0000108529660547,1.0852966054741842e-05
/Users/cr/Codes/screen-normalize/runs/proposal_best_geometry_gate/VID20260621024117_normalized.mp4,59,0.9809385843997945,True,ok,800,800,799,0.99875,0.6591453552246094,0.7582020163536072,-0.0027886586098654596,-0.0036689109937507805,0.004608418896155393,0.0001457289056981104,1.0000025508202797,2.550820279667576e-06
/Users/cr/Codes/screen-normalize/runs/proposal_best_geometry_gate/VID20260621024117_normalized.mp4,60,0.9975646621014859,True,ok,800,800,800,1.0,0.6649296879768372,0.7571825385093689,0.010139692616152829,-0.008200292990298265,0.013040635393906198,0.0005242234667803542,0.9999862887441712,-1.3711255828829927e-05
/Users/cr/Codes/screen-normalize/runs/proposal_best_geometry_gate/VID20260621024117_normalized.mp4,61,1.0141907398031773,True,ok,800,800,799,0.99875,0.6603960990905762,0.7572752237319946,-0.002850437869635236,0.01646380893301319,0.01670874024669172,-0.0007234617947494111,0.9999917626070562,-8.23739294375514e-06
/Users/cr/Codes/screen-normalize/runs/proposal_best_geometry_gate/VID20260621024117_normalized.mp4,62,1.0308168175048689,True,ok,800,800,800,1.0,0.6644867062568665,0.7581557035446167,-0.0006578061869312397,-0.01014786303055588,0.010169160883105734,0.0007389845664233684,1.000011202303208,1.1202303207946684e-05
/Users/cr/Codes/screen-normalize/runs/proposal_best_geometry_gate/VID20260621024117_normalized.mp4,63,1.0474428952065602,True,ok,800,800,800,1.0,0.6696977019309998,0.7581093311309814,-0.0049099148776398285,0.004489445564835632,0.0066529982402892054,-0.00026871296847681475,1.0000057615320386,5.761532038572881e-06
/Users/cr/Codes/screen-normalize/runs/proposal_best_geometry_gate/VID20260621024117_normalized.mp4,64,1.0640689729082515,True,ok,800,800,800,1.0,0.6655288934707642,0.7563021183013916,-0.014178312864909023,-0.03134676915261858,0.03440413480968246,0.0004517776630208322,1.000045023518803,4.5023518802977947e-05
/Users/cr/Codes/screen-normalize/runs/proposal_best_geometry_gate/VID20260621024117_normalized.mp4,65,1.080695050609943,True,ok,800,800,799,0.99875,0.6709744930267334,0.7582020163536072,0.016799175564446024,0.01955863074224025,0.025782791473313856,-0.0002457378061870345,0.9999661057423409,-3.389425765909504e-05
/Users/cr/Codes/screen-normalize/runs/proposal_best_geometry_gate/VID20260621024117_normalized.mp4,66,1.0973211283116344,True,ok,800,800,800,1.0,0.6733455061912537,0.7581556439399719,0.0059210764414487265,0.008750780659314101,0.010565761135521892,-0.0005382874399254455,0.9999928750991012,-7.124900898825004e-06
/Users/cr/Codes/screen-normalize/runs/proposal_best_geometry_gate/VID20260621024117_normalized.mp4,67,1.113947206013326,True,ok,800,800,800,1.0,0.6712089776992798,0.7572289109230042,0.00410943875978599,0.014759843662739117,0.015321242504083392,4.196045258229496e-05,0.9999672418344878,-3.2758165512181137e-05
/Users/cr/Codes/screen-normalize/runs/proposal_best_geometry_gate/VID20260621024117_normalized.mp4,68,1.1305732837150173,True,ok,800,800,800,1.0,0.6696456670761108,0.7562557458877563,-0.052604858308145264,-0.05661827356587115,0.07728453932837967,-0.0011922773011065798,1.0001175891617593,0.00011758916175930167
/Users/cr/Codes/screen-normalize/runs/proposal_best_geometry_gate/VID20260621024117_normalized.mp4,69,1.1471993614167089,True,ok,800,800,800,1.0,0.669489324092865,0.7563021183013916,0.03589445293285655,0.03000655373655501,0.04678466648907329,0.0011731415599698014,0.999936672856713,-6.33271432870508e-05
/Users/cr/Codes/screen-normalize/runs/proposal_best_geometry_gate/VID20260621024117_normalized.mp4,70,1.1638254391184002,True,ok,800,800,800,1.0,0.6702449917793274,0.7572288513183594,-0.008280127112667367,-0.009184248359302247,0.012365715625360112,0.00030328566633844724,1.0000129491110115,1.2949111011462122e-05
/Users/cr/Codes/screen-normalize/runs/proposal_best_geometry_gate/VID20260621024117_normalized.mp4,71,1.1804515168200918,True,ok,800,800,800,1.0,0.6913756728172302,0.7581093311309814,0.004916744724808804,6.339628658875718e-05,0.004917153422264598,-0.000363918192047356,1.0000036185937156,3.618593715559726e-06
/Users/cr/Codes/screen-normalize/runs/proposal_best_geometry_gate/VID20260621024117_normalized.mp4,72,1.197077594521783,True,ok,800,800,800,1.0,0.6979937553405762,0.7554216384887695,0.001703242092289342,-0.002076517113141622,0.0026856948721171196,0.0003452719625141943,0.9999977770756047,-2.222924395334225e-06
/Users/cr/Codes/screen-normalize/runs/proposal_best_geometry_gate/VID20260621024117_normalized.mp4,73,1.2137036722234744,True,ok,800,800,800,1.0,0.7089108824729919,0.755375325679779,0.009019695984061049,0.03255725015923944,0.03378356780412903,-0.0010805190555576048,0.9999566969202351,-4.330307976485592e-05
/Users/cr/Codes/screen-normalize/runs/proposal_best_geometry_gate/VID20260621024117_normalized.mp4,74,1.230329749925166,True,ok,800,800,800,1.0,0.7124543786048889,0.755375325679779,0.023795619452512993,0.010798508833701722,0.02613119396737066,0.0007001991081572457,0.9999594286611744,-4.057133882562347e-05
/Users/cr/Codes/screen-normalize/runs/proposal_best_geometry_gate/VID20260621024117_normalized.mp4,75,1.2469558276268573,True,ok,800,800,800,1.0,0.7175872325897217,0.7562558054924011,-0.0195564387561313,-0.027023450864352948,0.033357475825374024,-0.0004204324879411688,1.0000446976320703,4.4697632070267446e-05
/Users/cr/Codes/screen-normalize/runs/proposal_best_geometry_gate/VID20260621024117_normalized.mp4,76,1.2635819053285489,True,ok,800,800,800,1.0,0.6776706576347351,0.7571825981140137,-0.010588799715224619,0.014112162681816282,0.017643010371452744,-0.0008426303604478467,0.9999868104784436,-1.3189521556378203e-05
/Users/cr/Codes/screen-normalize/runs/proposal_best_geometry_gate/VID20260621024117_normalized.mp4,77,1.2802079830302402,True,ok,800,800,800,1.0,0.6769671440124512,0.7581093311309814,-0.03725114453893337,-0.0579179259849032,0.06886315357179942,-0.0006487768638275115,1.0000929367197338,9.29367197337605e-05
/Users/cr/Codes/screen-normalize/runs/proposal_best_geometry_gate/VID20260621024117_normalized.mp4,78,1.2968340607319317,True,ok,800,800,800,1.0,0.6650077700614929,0.7563021183013916,0.0184863758566161,0.060940540110248555,0.06368277256245124,-0.0012706284258537876,0.9999273651574327,-7.263484256725405e-05
/Users/cr/Codes/screen-normalize/runs/proposal_best_geometry_gate/VID20260621024117_normalized.mp4,79,1.313460138433623,True,ok,800,800,800,1.0,0.6602917909622192,0.7581093311309814,0.005876652708592898,-0.018847361130170933,0.019742291372292387,0.0011922139692586338,1.0000113648867675,1.1364886767450955e-05
/Users/cr/Codes/screen-normalize/runs/proposal_best_geometry_gate/VID20260621024117_normalized.mp4,80,1.3300862161353146,True,ok,800,800,800,1.0,0.6602657437324524,0.7581093311309814,0.00582844151906526,0.020218753722072463,0.02104207054011042,0.00014020351743568364,0.9999873284195043,-1.2671580495671186e-05
/Users/cr/Codes/screen-normalize/runs/proposal_best_geometry_gate/VID20260621024117_normalized.mp4,81,1.346712293837006,True,ok,800,800,797,0.99625,0.6561750769615173,0.7581093311309814,-0.04694266709909756,-0.062244832002336103,0.0779617412926093,-3.862683175536756e-05,1.0000905810871512,9.058108715120916e-05
/Users/cr/Codes/screen-normalize/runs/proposal_best_geometry_gate/VID20260621024117_normalized.mp4,82,1.3633383715386973,True,ok,800,800,800,1.0,0.6607868671417236,0.759036123752594,0.048066880473970126,0.05385145902472734,0.07218313263907863,0.0007031475592576638,0.9999249707130645,-7.502928693547961e-05
/Users/cr/Codes/screen-normalize/runs/proposal_best_geometry_gate/VID20260621024117_normalized.mp4,83,1.3799644492403889,True,ok,800,800,800,1.0,0.6696717143058777,0.7581093311309814,-0.010263278889344446,-0.003814839610650045,0.010949333076285877,-0.0009642067038788448,1.0000024360161706,2.4360161705594408e-06
/Users/cr/Codes/screen-normalize/runs/proposal_best_geometry_gate/VID20260621024117_normalized.mp4,84,1.3965905269420802,True,ok,800,800,800,1.0,0.667639434337616,0.7562557458877563,-0.008085993757106133,-0.024637695201077888,0.02593066369881758,0.0008482910576770637,1.0000172034263655,1.7203426365464125e-05
/Users/cr/Codes/screen-normalize/runs/proposal_best_geometry_gate/VID20260621024117_normalized.mp4,85,1.4132166046437717,True,ok,800,800,800,1.0,0.6676654815673828,0.7572288513183594,-0.006001149517514485,0.01323996927894844,0.014536525789853049,-0.0007365161660281781,1.0000016864692243,1.686469224271292e-06
/Users/cr/Codes/screen-normalize/runs/proposal_best_geometry_gate/VID20260621024117_normalized.mp4,86,1.429842682345463,True,ok,800,800,800,1.0,0.6814747452735901,0.7562557458877563,-0.018596547202405205,-0.010093092989045125,0.021158971948958123,-0.0022149342433411233,1.0000282638308955,2.8263830895491893e-05
/Users/cr/Codes/screen-normalize/runs/proposal_best_geometry_gate/VID20260621024117_normalized.mp4,87,1.4464687600471546,True,ok,800,800,800,1.0,0.6776185631752014,0.7563021183013916,0.06729283228852243,0.06280624392649302,0.09204862602758038,0.002245183417338968,0.9998737701411758,-0.00012622985882415616
/Users/cr/Codes/screen-normalize/runs/proposal_best_geometry_gate/VID20260621024117_normalized.mp4,88,1.463094837748846,True,ok,800,800,800,1.0,0.6700104475021362,0.7571825385093689,-0.0019301810324117688,0.007592979558729356,0.007834471098750956,-0.00030996200844669956,0.9999997081168817,-2.918831183418291e-07
/Users/cr/Codes/screen-normalize/runs/proposal_best_geometry_gate/VID20260621024117_normalized.mp4,89,1.4797209154505375,True,ok,800,800,800,1.0,0.666675329208374,0.7572288513183594,-0.0859437778314357,-0.08033248422623404,0.11764200342521083,-0.001915315472941624,1.000156414717592,0.00015641471759209047
/Users/cr/Codes/screen-normalize/runs/proposal_best_geometry_gate/VID20260621024117_normalized.mp4,90,1.4963469931522289,True,ok,800,800,786,0.9825,0.6444762945175171,0.7562557458877563,0.0218936266479699,0.0031041017844570806,0.022112583198011203,0.0016900067078385703,0.9999785495060095,-2.145049399049359e-05
/Users/cr/Codes/screen-normalize/runs/proposal_best_geometry_gate/VID20260621024117_normalized.mp4,91,1.5129730708539202,True,ok,800,800,800,1.0,0.6719645261764526,0.7562557458877563,0.08355751594471608,0.055476270588155935,0.1002969344956354,0.0018114149035878204,0.9998857171609299,-0.00011428283907011227
/Users/cr/Codes/screen-normalize/runs/proposal_best_geometry_gate/VID20260621024117_normalized.mp4,92,1.5295991485556117,True,ok,800,800,800,1.0,0.6714694499969482,0.7554216384887695,-0.01665831825513146,0.010434165482075394,0.019656331712620736,-0.0002852443919874606,1.0000072606474104,7.260647410411991e-06
/Users/cr/Codes/screen-normalize/runs/proposal_best_geometry_gate/VID20260621024117_normalized.mp4,93,1.546225226257303,True,ok,800,800,800,1.0,0.6980458498001099,0.7563021183013916,0.00550585145367824,0.0025831213173071466,0.006081686934551744,4.4506212694949046e-05,0.9999724354911664,-2.7564508833566315e-05
/Users/cr/Codes/screen-normalize/runs/proposal_best_geometry_gate/VID20260621024117_normalized.mp4,94,1.5628513039589946,True,ok,800,800,800,1.0,0.698462724685669,0.7581093311309814,0.012421249405345398,0.018678375265675534,0.022431431950617708,1.9317075195640897e-05,0.9999730829466206,-2.691705337942718e-05
/Users/cr/Codes/screen-normalize/runs/proposal_best_geometry_gate/VID20260621024117_normalized.mp4,95,1.579477381660686,True,ok,800,800,800,1.0,0.7027618288993835,0.7571825385093689,-0.02228674829124852,-0.007302433138154818,0.023452604954134423,-0.0009607605120442484,1.0000358063240555,3.5806324055531746e-05
/Users/cr/Codes/screen-normalize/runs/proposal_best_geometry_gate/VID20260621024117_normalized.mp4,96,1.5961034593623775,True,ok,800,800,800,1.0,0.6879363656044006,0.7563021183013916,0.007714528381497453,0.008796719949044171,0.011700266236750401,0.00011675215145092111,0.999974834049797,-2.5165950202965526e-05
/Users/cr/Codes/screen-normalize/runs/proposal_best_geometry_gate/VID20260621024117_normalized.mp4,97,1.6127295370640689,True,ok,800,800,800,1.0,0.6959614753723145,0.7571825385093689,0.0030820401498848553,0.010010016233703992,0.010473747967395421,-0.0011035977845985775,0.9999914040466161,-8.59595338387198e-06
/Users/cr/Codes/screen-normalize/runs/proposal_best_geometry_gate/VID20260621024117_normalized.mp4,98,1.6293556147657604,True,ok,800,800,800,1.0,0.6984366774559021,0.7581093311309814,0.005291696184666184,-0.015072021153428886,0.015973974776498756,0.0016581581142353875,1.0000112267265895,1.1226726589486091e-05
/Users/cr/Codes/screen-normalize/runs/proposal_best_geometry_gate/VID20260621024117_normalized.mp4,99,1.6459816924674517,True,ok,800,800,800,1.0,0.7020062208175659,0.7563484311103821,0.0005503476114009156,-0.004139241783944224,0.004175668214708211,0.00016042838225052117,0.9999936687989587,-6.331201041320789e-06
/Users/cr/Codes/screen-normalize/runs/proposal_best_geometry_gate/VID20260621024117_normalized.mp4,100,1.662607770169143,True,ok,800,800,800,1.0,0.6972902417182922,0.7571825385093689,0.010346205309171016,-0.003721008074083619,0.010994992741558041,0.0007688138295971567,1.000000032389234,3.2389233961538366e-08
/Users/cr/Codes/screen-normalize/runs/proposal_best_geometry_gate/VID20260621024117_normalized.mp4,101,1.6792338478708346,True,ok,800,800,800,1.0,0.7015111446380615,0.7572289109230042,-0.00043121833587389524,-0.018384243009270856,0.018389299613555656,-6.456324855205677e-05,1.0000256940013,2.5694001299925162e-05
/Users/cr/Codes/screen-normalize/runs/proposal_best_geometry_gate/VID20260621024117_normalized.mp4,102,1.695859925572526,True,ok,800,800,800,1.0,0.6888483166694641,0.7571825385093689,-0.013531349190234597,0.005406477436617291,0.014571458718354672,-0.00010977743753631659,1.0000055010551172,5.501055117207443e-06
/Users/cr/Codes/screen-normalize/runs/proposal_best_geometry_gate/VID20260621024117_normalized.mp4,103,1.7124860032742175,True,ok,800,800,800,1.0,0.6964043974876404,0.7562557458877563,-0.005359188202549839,-0.0010899897679959442,0.005468909935689673,-0.00027069312720914693,1.0000129761815575,1.2976181557489141e-05
/Users/cr/Codes/screen-normalize/runs/proposal_best_geometry_gate/VID20260621024117_normalized.mp4,104,1.7291120809759088,True,ok,800,800,800,1.0,0.6779833436012268,0.7562557458877563,0.007042002429647623,0.013811869475273566,0.015503468535174854,-8.303886649182949e-05,0.9999797423381274,-2.025766187263578e-05
/Users/cr/Codes/screen-normalize/runs/proposal_best_geometry_gate/VID20260621024117_normalized.mp4,105,1.7457381586776004,True,ok,800,800,800,1.0,0.7012246251106262,0.7562557458877563,-0.0011484393174255095,-0.0031706593026271106,0.0033722386153925412,-0.00016796173480848386,1.0000043513254042,4.351325404217121e-06
/Users/cr/Codes/screen-normalize/runs/proposal_best_geometry_gate/VID20260621024117_normalized.mp4,106,1.7623642363792917,True,ok,800,800,800,1.0,0.6943981647491455,0.7562557458877563,0.0031103175783593895,-0.0004128327022792089,0.003137595620586339,9.958353386762797e-05,0.9999918388073906,-8.16119260937942e-06
/Users/cr/Codes/screen-normalize/runs/proposal_best_geometry_gate/VID20260621024117_normalized.mp4,107,1.7789903140809833,True,ok,800,800,800,1.0,0.7027357816696167,0.7571825385093689,-0.02921836063527268,-0.01048203403877477,0.03104167578921739,-0.0010317784212410697,1.0000439587027494,4.3958702749424816e-05
/Users/cr/Codes/screen-normalize/runs/proposal_best_geometry_gate/VID20260621024117_normalized.mp4,108,1.7956163917826746,True,ok,800,800,800,1.0,0.6890568137168884,0.7571825385093689,-0.02123929444273203,-0.010938378168122098,0.02389049487503174,0.0013656989439245976,1.0000193762953158,1.9376295315787218e-05
/Users/cr/Codes/screen-normalize/runs/proposal_best_geometry_gate/VID20260621024117_normalized.mp4,109,1.8122424694843662,True,ok,800,800,800,1.0,0.6900729537010193,0.7562557458877563,-0.07540342492319696,-0.034958893306458294,0.08311318013023286,-0.006020678357094236,1.0000421043314651,4.210433146512038e-05
/Users/cr/Codes/screen-normalize/runs/proposal_best_geometry_gate/VID20260621024117_normalized.mp4,110,1.8288685471860575,True,ok,800,800,800,1.0,0.7019280791282654,0.7563021183013916,0.04652174825827681,0.011337898898032136,0.04788341061817213,0.005336293220837397,0.9999855741693174,-1.4425830682562868e-05
/Users/cr/Codes/screen-normalize/runs/proposal_best_geometry_gate/VID20260621024117_normalized.mp4,111,1.8454946248877488,True,ok,800,800,800,1.0,0.7020062208175659,0.7562557458877563,-0.00017511839771141918,0.016561773052535922,0.016562698847015302,-0.0028627808170557933,0.9999658375784982,-3.416242150178217e-05
/Users/cr/Codes/screen-normalize/runs/proposal_best_geometry_gate/VID20260621024117_normalized.mp4,112,1.8621207025894404,True,ok,800,800,800,1.0,0.7020062208175659,0.7571825385093689,0.030664002893028453,-0.04385652255865245,0.05351332212039586,0.003301023579701289,1.000037825503046,3.782550304598509e-05
/Users/cr/Codes/screen-normalize/runs/proposal_best_geometry_gate/VID20260621024117_normalized.mp4,113,1.8787467802911317,True,ok,800,800,800,1.0,0.7230588793754578,0.7562557458877563,0.020839100009039435,0.037978917431747986,0.043320506212119435,0.00038163600869606945,0.9999555216063067,-4.447839369325912e-05
/Users/cr/Codes/screen-normalize/runs/proposal_best_geometry_gate/VID20260621024117_normalized.mp4,114,1.8953728579928233,True,ok,800,800,800,1.0,0.7227982878684998,0.7562557458877563,-0.01734518825812996,-0.004263031565998894,0.017861382752818226,-0.0010525562078402878,1.000015158138229,1.515813822905443e-05
/Users/cr/Codes/screen-normalize/runs/proposal_best_geometry_gate/VID20260621024117_normalized.mp4,115,1.9119989356945146,True,ok,800,800,800,1.0,0.7327513694763184,0.7563021183013916,0.019322306363808765,0.006059987464845526,0.020250307930769092,0.0005551801275935168,0.9999814833320892,-1.8516667910750684e-05
/Users/cr/Codes/screen-normalize/runs/proposal_best_geometry_gate/VID20260621024117_normalized.mp4,116,1.9286250133962062,True,ok,800,800,800,1.0,0.736998438835144,0.7553752660751343,-0.0011980709351692154,-0.01835627608912377,0.018395332174925092,0.0010217666146524024,1.0000304248759764,3.0424875976375887e-05
/Users/cr/Codes/screen-normalize/runs/proposal_best_geometry_gate/VID20260621024117_normalized.mp4,117,1.9452510910978975,True,ok,800,800,800,1.0,0.758884847164154,0.7544485330581665,-0.004050542590762846,-0.0007466519052030725,0.004118784328794986,0.0007448554679624474,0.9999890760331694,-1.0923966830556076e-05
/Users/cr/Codes/screen-normalize/runs/proposal_best_geometry_gate/VID20260621024117_normalized.mp4,118,1.961877168799589,True,ok,800,800,800,1.0,0.7714434266090393,0.7562558054924011,0.002167453583013984,0.024443296702483214,0.024539205543785376,-0.0016035813582640419,0.9999847013531873,-1.5298646812711425e-05
/Users/cr/Codes/screen-normalize/runs/proposal_best_geometry_gate/VID20260621024117_normalized.mp4,119,1.9785032465012804,True,ok,800,800,800,1.0,0.8120114803314209,0.7553290128707886,0.002658362960350293,-0.06457303359042943,0.0646277305860239,0.0029967109253799186,1.00004937059992,4.9370599920051106e-05
/Users/cr/Codes/screen-normalize/runs/proposal_best_geometry_gate/VID20260621024117_normalized.mp4,120,1.9951293242029717,True,ok,800,800,800,1.0,0.809353768825531,0.7544485330581665,0.036632527774133214,0.002288756734683803,0.03670395753203191,0.0019632641147588697,0.9999617244556133,-3.827554438673442e-05
/Users/cr/Codes/screen-normalize/runs/proposal_best_geometry_gate/VID20260621024117_normalized.mp4,121,2.0117554019046633,True,ok,800,800,800,1.0,0.8085200786590576,0.7553752660751343,-0.04168017741839088,-0.022779278546064492,0.047498765465091144,-0.0013697061495881798,1.000061154585657,6.115458565703058e-05
/Users/cr/Codes/screen-normalize/runs/proposal_best_geometry_gate/VID20260621024117_normalized.mp4,122,2.0283814796063546,True,ok,800,800,800,1.0,0.8171964287757874,0.7554216384887695,0.016402213231915486,-0.022246657624176547,0.02763957985123066,0.0023193655649647385,1.0000118273981966,1.1827398196606609e-05
/Users/cr/Codes/screen-normalize/runs/proposal_best_geometry_gate/VID20260621024117_normalized.mp4,123,2.045007557308046,True,ok,800,800,800,1.0,0.8135486841201782,0.7544022798538208,0.004761387135376401,0.004664651413443944,0.0066655667622395375,-0.001344231839500658,0.9999769854252778,-2.301457472220214e-05
/Users/cr/Codes/screen-normalize/runs/proposal_best_geometry_gate/VID20260621024117_normalized.mp4,124,2.0616336350097377,True,ok,800,800,800,1.0,0.8166753649711609,0.7562557458877563,0.0035538747942724025,0.015166420358150627,0.015577237641298617,-0.0012021134369286151,0.9999849317373706,-1.5068262629425178e-05
/Users/cr/Codes/screen-normalize/runs/proposal_best_geometry_gate/VID20260621024117_normalized.mp4,125,2.078259712711429,True,ok,800,800,800,1.0,0.8156852126121521,0.7563021183013916,-0.032391310827990516,-0.025405740810178153,0.04116611085916968,-0.00012535933777220665,1.0000497837718136,4.9783771813638467e-05
/Users/cr/Codes/screen-normalize/runs/proposal_best_geometry_gate/VID20260621024117_normalized.mp4,126,2.0948857904131204,True,ok,800,800,800,1.0,0.8132360577583313,0.755375325679779,-0.018287566890310553,-0.019604446771588686,0.026809875717497027,-0.0003157179018851244,1.0000218040118922,2.1804011892223585e-05
/Users/cr/Codes/screen-normalize/runs/proposal_best_geometry_gate/VID20260621024117_normalized.mp4,127,2.1115118681148117,True,ok,800,800,800,1.0,0.7613601088523865,0.7562557458877563,-0.014256469646710538,-0.011692799018960316,0.01843823407176995,-0.0002442875129853688,1.0000228237061675,2.2823706167462987e-05
/Users/cr/Codes/screen-normalize/runs/proposal_best_geometry_gate/VID20260621024117_normalized.mp4,128,2.128137945816503,True,ok,800,800,800,1.0,0.7395257949829102,0.7544485330581665,-0.0019211401366288003,0.03834788891991127,0.038395981092276044,-0.0018109331429729165,0.9999635484904589,-3.6451509541124416e-05
/Users/cr/Codes/screen-normalize/runs/proposal_best_geometry_gate/VID20260621024117_normalized.mp4,129,2.144764023518195,True,ok,800,800,800,1.0,0.733767569065094,0.7562557458877563,0.005655959592145438,0.008292269304977626,0.010037510106309041,0.0004458249887196073,1.0000067159865662,6.7159865662080875e-06
/Users/cr/Codes/screen-normalize/runs/proposal_best_geometry_gate/VID20260621024117_normalized.mp4,130,2.161390101219886,True,ok,800,800,800,1.0,0.7293121218681335,0.7562557458877563,0.000817182024641816,-0.010269790697316114,0.010302251570801321,0.0012001965394067217,1.0000137783185938,1.3778318593837824e-05
/Users/cr/Codes/screen-normalize/runs/proposal_best_geometry_gate/VID20260621024117_normalized.mp4,131,2.1780161789215775,True,ok,800,800,800,1.0,0.7342886924743652,0.7563020586967468,0.019072626399368464,0.014593919133187735,0.024015568980057706,0.0018719550485633894,0.9999431304227007,-5.6869577299334395e-05
/Users/cr/Codes/screen-normalize/runs/proposal_best_geometry_gate/VID20260621024117_normalized.mp4,132,2.194642256623269,True,ok,800,800,800,1.0,0.736998438835144,0.7571825385093689,-0.016764089824222488,0.006247642018423247,0.01789043706634826,-0.003169027534518795,1.0000121700233569,1.2170023356850024e-05
/Users/cr/Codes/screen-normalize/runs/proposal_best_geometry_gate/VID20260621024117_normalized.mp4,133,2.2112683343249606,True,ok,800,800,800,1.0,0.73600834608078,0.7562557458877563,0.006967213276281137,-0.010064525930915433,0.012240781962409807,0.0026714498752674065,1.000018142319089,1.8142319089031744e-05
/Users/cr/Codes/screen-normalize/runs/proposal_best_geometry_gate/VID20260621024117_normalized.mp4,134,2.227894412026652,True,ok,800,800,800,1.0,0.7516154050827026,0.7553290128707886,0.04213795156120307,-0.009324580010200555,0.04315732561386222,0.002567657627604569,0.999954453490114,-4.5546509885974196e-05
/Users/cr/Codes/screen-normalize/runs/proposal_best_geometry_gate/VID20260621024117_normalized.mp4,135,2.2445204897283433,True,ok,800,800,800,1.0,0.7499478459358215,0.7544485330581665,-0.02870728036355331,-0.0038572330102745497,0.028965258368728652,-0.0028803964298488314,1.0000229949661719,2.299496617186314e-05
/Users/cr/Codes/screen-normalize/runs/proposal_best_geometry_gate/VID20260621024117_normalized.mp4,136,2.2611465674300346,True,ok,800,800,800,1.0,0.7390828728675842,0.7562557458877563,0.0196112515161838,-0.0026964426201283452,0.019795756839147777,0.00047892311521624846,1.0000004785365546,4.785365546045028e-07
/Users/cr/Codes/screen-normalize/runs/proposal_best_geometry_gate/VID20260621024117_normalized.mp4,137,2.277772645131726,True,ok,800,800,800,1.0,0.7348098158836365,0.7563021183013916,0.004598993193858465,0.029162644195928986,0.02952305124636522,-0.0009699425930986098,0.9999647077849437,-3.529221505627067e-05
/Users/cr/Codes/screen-normalize/runs/proposal_best_geometry_gate/VID20260621024117_normalized.mp4,138,2.2943987228334177,True,ok,800,800,800,1.0,0.7301198244094849,0.7562557458877563,-0.04185320268547225,-0.02873220561586109,0.050766428026633316,-0.0009176691694377781,1.0000466963371775,4.669633717746535e-05
/Users/cr/Codes/screen-normalize/runs/proposal_best_geometry_gate/VID20260621024117_normalized.mp4,139,2.311024800535109,True,ok,800,800,800,1.0,0.7295987606048584,0.7562557458877563,0.04145713827230012,0.014602453683468342,0.043953679792554906,0.0018551453206675551,0.9999688155269514,-3.118447304861771e-05
/Users/cr/Codes/screen-normalize/runs/proposal_best_geometry_gate/VID20260621024117_normalized.mp4,140,2.3276508782368004,True,ok,800,800,800,1.0,0.7241271734237671,0.7563020586967468,0.0061986791365891344,-0.004475705361748905,0.007645623684407526,0.0008052671643152164,1.0000080766749335,8.076674933521488e-06
/Users/cr/Codes/screen-normalize/runs/proposal_best_geometry_gate/VID20260621024117_normalized.mp4,141,2.3442769559384917,True,ok,800,800,427,0.53375,0.7706096768379211,0.8502317070960999,0.2919844465788642,0.09693295990477475,0.30765388955751277,0.00937640456245267,0.9997869078915428,-0.0002130921084572135
/Users/cr/Codes/screen-normalize/runs/proposal_best_geometry_gate/VID20260621024117_normalized.mp4,142,2.3609030336401835,True,ok,800,800,717,0.89625,0.6674309372901917,0.754402220249176,1.0014943478907596,1.4252307651787288,1.7419166635832735,0.008047183736156056,0.9986049248157643,-0.0013950751842356501
/Users/cr/Codes/screen-normalize/runs/proposal_best_geometry_gate/VID20260621024117_normalized.mp4,143,2.377529111341875,True,ok,800,799,516,0.6458072590738423,0.5355653762817383,0.641334593296051,1.2021049310273346,0.047797294464693815,1.2030547978202728,0.08317725095911759,0.9976420107566789,-0.0023579892433210903
/Users/cr/Codes/screen-normalize/runs/proposal_best_geometry_gate/VID20260621024117_normalized.mp4,144,2.394155189043566,True,ok,800,736,641,0.8709239130434783,0.6503387689590454,0.719184398651123,-0.4705547981756869,-1.0347732690182259,1.1367398718971844,-0.007352053773868923,1.0019196412089661,0.0019196412089661496
/Users/cr/Codes/screen-normalize/runs/proposal_best_geometry_gate/VID20260621024117_normalized.mp4,145,2.4107812667452575,True,ok,800,800,800,1.0,0.7593017220497131,0.7118628025054932,-0.13409883642251144,-0.07300381009914117,0.15268285502590967,0.0026518950832691824,0.9999677418643931,-3.225813560692181e-05
/Users/cr/Codes/screen-normalize/runs/proposal_best_geometry_gate/VID20260621024117_normalized.mp4,146,2.427407344446949,True,ok,800,799,799,1.0,0.7593538165092468,0.7117701768875122,0.4949691128652729,0.19058415463304948,0.5303930077667214,-0.0008736749403535375,0.9997763508801351,-0.00022364911986494374
/Users/cr/Codes/screen-normalize/runs/proposal_best_geometry_gate/VID20260621024117_normalized.mp4,147,2.4440334221486406,True,ok,800,776,650,0.8376288659793815,0.7159718871116638,0.6603800058364868,0.32370408242897575,-1.961970223128566,1.9884947798333141,0.05285401882427958,1.002093468079762,0.002093468079761962
/Users/cr/Codes/screen-normalize/runs/proposal_best_geometry_gate/VID20260621024117_normalized.mp4,148,2.460659499850332,True,ok,800,800,733,0.91625,0.6686815619468689,0.6500463485717773,0.9961790435811959,1.4378524094702567,1.7492261827133073,0.0374122054418224,0.997954461367808,-0.0020455386321920344
/Users/cr/Codes/screen-normalize/runs/proposal_best_geometry_gate/VID20260621024117_normalized.mp4,149,2.4772855775520233,True,ok,800,799,781,0.9774718397997497,0.736842155456543,0.6478220224380493,-0.7716246687702762,-1.1513531724710502,1.3860082096488426,-0.03743246988307022,1.001892786172775,0.0018927861727751072
/Users/cr/Codes/screen-normalize/runs/proposal_best_geometry_gate/VID20260621024117_normalized.mp4,150,2.4939116552537146,True,ok,800,800,800,1.0,0.7579989433288574,0.7118164896965027,0.2738967551204795,0.14530601126165626,0.31005365563769843,0.0006854502408414716,0.9997330609822186,-0.00026693901778140905
/Users/cr/Codes/screen-normalize/runs/proposal_best_geometry_gate/VID20260621024117_normalized.mp4,151,2.5105377329554064,True,ok,800,800,757,0.94625,0.6721209287643433,0.6496756076812744,0.8217904782862674,1.4560970888446247,1.6719923212574164,0.05529655076400221,0.9974081852386727,-0.0025918147613273046
/Users/cr/Codes/screen-normalize/runs/proposal_best_geometry_gate/VID20260621024117_normalized.mp4,152,2.5271638106570977,True,ok,800,799,755,0.9449311639549437,0.6932777166366577,0.6487488746643066,-1.079518070603011,-1.6844419807654607,2.0006758986211426,-0.05331818032520579,1.0029518668337334,0.0029518668337333853
/Users/cr/Codes/screen-normalize/runs/proposal_best_geometry_gate/VID20260621024117_normalized.mp4,153,2.543789888358789,True,ok,800,800,800,1.0,0.7655549645423889,0.7127432823181152,0.052410952574125966,0.01247032406099945,0.053874084047096545,0.0019099648578772051,0.9999610667721351,-3.893322786485687e-05
/Users/cr/Codes/screen-normalize/runs/proposal_best_geometry_gate/VID20260621024117_normalized.mp4,154,2.5604159660604804,True,ok,800,800,799,0.99875,0.7685253024101257,0.7118628025054932,0.03759673532086584,0.005197156916966768,0.03795424807326338,-0.0005601557530938518,0.9999606419985474,-3.935800145260515e-05
/Users/cr/Codes/screen-normalize/runs/proposal_best_geometry_gate/VID20260621024117_normalized.mp4,155,2.5770420437621717,True,ok,800,800,800,1.0,0.7683168649673462,0.7117701768875122,0.001635101542501198,0.0018656372820353908,0.0024807578524334447,8.212195034190299e-05,0.9999895631948729,-1.0436805127134186e-05
/Users/cr/Codes/screen-normalize/runs/proposal_best_geometry_gate/VID20260621024117_normalized.mp4,156,2.5936681214638635,True,ok,800,800,800,1.0,0.7682908177375793,0.7117701768875122,-0.13142035296600785,-0.06331536892481755,0.14587715762173267,-0.00048173597750608807,1.000123947272495,0.00012394727249498416
/Users/cr/Codes/screen-normalize/runs/proposal_best_geometry_gate/VID20260621024117_normalized.mp4,157,2.610294199165555,True,ok,800,800,800,1.0,0.7839239239692688,0.7108896970748901,0.021696120835547065,-0.008127411062171372,0.023168436932261206,-0.00031347289905734715,1.0000230346731016,2.303467310160734e-05
/Users/cr/Codes/screen-normalize/runs/proposal_best_geometry_gate/VID20260621024117_normalized.mp4,158,2.626920276867246,True,ok,800,800,800,1.0,0.7725117206573486,0.7108896970748901,0.023381303976100765,-0.0005510747113051283,0.023387797223344175,0.0010509605467118046,0.9999822990858819,-1.770091411812391e-05
/Users/cr/Codes/screen-normalize/runs/proposal_best_geometry_gate/VID20260621024117_normalized.mp4,159,2.6435463545689375,True,ok,800,800,800,1.0,0.7934862375259399,0.6536144614219666,0.014241909603644144,0.05564586526094036,0.05743948389215471,-0.0003874952482597931,0.999936518121143,-6.348187885696355e-05
/Users/cr/Codes/screen-normalize/runs/proposal_best_geometry_gate/VID20260621024117_normalized.mp4,160,2.6601724322706293,True,ok,800,800,800,1.0,0.7771235108375549,0.7127432823181152,-0.008221293041485986,-0.020757083178375497,0.022325907850476875,-0.0006445648386141953,1.0000266275523833,2.662755238325154e-05
/Users/cr/Codes/screen-normalize/runs/proposal_best_geometry_gate/VID20260621024117_normalized.mp4,161,2.6767985099723206,True,ok,800,800,799,0.99875,0.774309515953064,0.6565338373184204,-0.020046687167965108,-0.014428728280133045,0.024699349509494536,0.00040308047245770257,1.0000141533272968,1.4153327296817508e-05
/Users/cr/Codes/screen-normalize/runs/proposal_best_geometry_gate/VID20260621024117_normalized.mp4,162,2.693424587674012,True,ok,800,800,799,0.99875,0.7679520845413208,0.7126969695091248,0.014525061555971575,0.02217586886016904,0.02650936764444181,0.0011724993175499865,0.999974934289545,-2.506571045501893e-05
/Users/cr/Codes/screen-normalize/runs/proposal_best_geometry_gate/VID20260621024117_normalized.mp4,163,2.7100506653757033,True,ok,800,800,800,1.0,0.7527097463607788,0.713670015335083,-0.03857340371297939,-0.0352498580437766,0.05225380336502688,-0.001084537542518373,1.000062064952553,6.206495255289823e-05
/Users/cr/Codes/screen-normalize/runs/proposal_best_geometry_gate/VID20260621024117_normalized.mp4,164,2.7266767430773946,True,ok,800,800,800,1.0,0.7437988519668579,0.7127432823181152,0.012541533066919129,-0.01628935505074711,0.020558043186011805,0.00025704744629084564,0.9999972568496749,-2.743150325112964e-06
/Users/cr/Codes/screen-normalize/runs/proposal_best_geometry_gate/VID20260621024117_normalized.mp4,165,2.7433028207790864,True,ok,800,800,800,1.0,0.7287909984588623,0.7127895951271057,-0.028168252006410557,0.010423416184079774,0.030034946746135383,-0.0015217137065664669,1.0000139234397294,1.3923439729390807e-05
/Users/cr/Codes/screen-normalize/runs/proposal_best_geometry_gate/VID20260621024117_normalized.mp4,166,2.7599288984807777,True,ok,800,799,799,1.0,0.7231891751289368,0.7127896547317505,0.07657560729803858,0.069633841411546,0.10350215216502388,-0.0010288286773020594,0.999925482518305,-7.451748169495787e-05
/Users/cr/Codes/screen-normalize/runs/proposal_best_geometry_gate/VID20260621024117_normalized.mp4,167,2.776554976182469,True,ok,800,800,800,1.0,0.731787383556366,0.7126969695091248,-0.0318592275672761,0.016691947187105094,0.03596708887414425,-0.0014954771184547471,1.0000150196739248,1.5019673924809851e-05
/Users/cr/Codes/screen-normalize/runs/proposal_best_geometry_gate/VID20260621024117_normalized.mp4,168,2.7931810538841604,True,ok,800,800,800,1.0,0.7259249091148376,0.7099629044532776,-0.03890404950280424,0.019430003032108456,0.04348620569266059,-0.0033244020240215727,1.0000186683860828,1.8668386082776323e-05
/Users/cr/Codes/screen-normalize/runs/proposal_best_geometry_gate/VID20260621024117_normalized.mp4,169,2.809807131585852,True,ok,800,800,800,1.0,0.7254559397697449,0.7117701768875122,-0.03135946969951486,-0.03526357141276768,0.04719042072940394,8.86466474968847e-05,1.0000720386411273,7.203864112725888e-05
/Users/cr/Codes/screen-normalize/runs/proposal_best_geometry_gate/VID20260621024117_normalized.mp4,170,2.8264332092875435,True,ok,800,800,800,1.0,0.7350181937217712,0.7117701768875122,-0.01929275903453233,-0.03498526541754359,0.03995221329914653,-0.00015418333945470855,1.0000279290481016,2.7929048101560383e-05
/Users/cr/Codes/screen-normalize/runs/proposal_best_geometry_gate/VID20260621024117_normalized.mp4,171,2.843059286989235,True,ok,800,800,800,1.0,0.7338196635246277,0.6627432107925415,0.041013402500539156,-0.025540104446155065,0.04831558878655771,0.0026946231072242214,0.9999954592442234,-4.5407557766052875e-06
/Users/cr/Codes/screen-normalize/runs/proposal_best_geometry_gate/VID20260621024117_normalized.mp4,172,2.859685364690926,True,ok,800,800,800,1.0,0.7262116074562073,0.71269690990448,0.01810550396027416,-0.04252622641045695,0.0462200087231596,0.0024524567161800224,1.0000164391943596,1.6439194359563203e-05
/Users/cr/Codes/screen-normalize/runs/proposal_best_geometry_gate/VID20260621024117_normalized.mp4,173,2.8763114423926175,True,ok,800,800,800,1.0,0.7249087691307068,0.7886932492256165,-0.030115949629971106,-0.05121357565759595,0.059412126319054265,0.002171739085867886,0.9999980853902912,-1.9146097087752167e-06
/Users/cr/Codes/screen-normalize/runs/proposal_best_geometry_gate/VID20260621024117_normalized.mp4,174,2.8929375200943093,True,ok,800,800,800,1.0,0.7278269529342651,0.790593147277832,0.03194981366726163,-0.0018359745825567153,0.03200252171377331,0.002786891538119936,0.999974510171253,-2.5489828746949605e-05
/Users/cr/Codes/screen-normalize/runs/proposal_best_geometry_gate/VID20260621024117_normalized.mp4,175,2.9095635977960006,True,ok,800,800,800,1.0,0.7270452976226807,0.7192307710647583,-0.041233414567828246,-0.009301709272097662,0.042269566739026536,-0.0004259271456846173,1.0000165128535254,1.6512853525441074e-05
/Users/cr/Codes/screen-normalize/runs/proposal_best_geometry_gate/VID20260621024117_normalized.mp4,176,2.926189675497692,True,ok,800,800,800,1.0,0.7145127654075623,0.7182576656341553,0.006737706117731522,-0.04939572718075867,0.049853129765791614,0.002760720294412942,1.0000242528282175,2.425282821749697e-05
/Users/cr/Codes/screen-normalize/runs/proposal_best_geometry_gate/VID20260621024117_normalized.mp4,177,2.9428157531993833,True,ok,800,800,799,0.99875,0.7086502909660339,0.7182576656341553,-0.018469526513230847,0.0010266502136239107,0.018498038282046863,3.0270928475854302e-05,0.9999847867848429,-1.5213215157072746e-05
/Users/cr/Codes/screen-normalize/runs/proposal_best_geometry_gate/VID20260621024117_normalized.mp4,178,2.959441830901075,True,ok,800,800,799,0.99875,0.715685248374939,0.7164967656135559,-0.0018336323529763823,0.014794676735431422,0.014907872662180794,-0.00040866512052134925,0.9999808033901614,-1.9196609838623147e-05
/Users/cr/Codes/screen-normalize/runs/proposal_best_geometry_gate/VID20260621024117_normalized.mp4,179,2.9760679086027664,True,ok,800,800,800,1.0,0.7338457703590393,0.7155236005783081,0.01673625256015731,0.004458470786382823,0.01731993393493177,0.0005868780005593482,0.9999751895079559,-2.4810492044058385e-05
/Users/cr/Codes/screen-normalize/runs/proposal_best_geometry_gate/VID20260621024117_normalized.mp4,180,2.9926939863044577,True,ok,800,800,800,1.0,0.778660774230957,0.709036111831665,0.020335218818237688,-0.024386786836698347,0.03175273998577401,0.0007267086674265237,1.0000201793163674,2.0179316367441302e-05
/Users/cr/Codes/screen-normalize/runs/proposal_best_geometry_gate/VID20260621024117_normalized.mp4,181,3.009320064006149,True,ok,800,800,800,1.0,0.8293122053146362,0.7108896970748901,0.016095940332920014,0.03156523372064643,0.03543223497099718,0.0003926083796628888,0.9999416439653392,-5.8356034660755896e-05
/Users/cr/Codes/screen-normalize/runs/proposal_best_geometry_gate/VID20260621024117_normalized.mp4,182,3.0259461417078404,True,ok,800,800,800,1.0,0.8281918168067932,0.7100555896759033,-0.033401440924119244,0.03158876376921569,0.04597288605552997,-0.0014335175998828296,1.0000024204229259,2.4204229258639742e-06
/Users/cr/Codes/screen-normalize/runs/proposal_best_geometry_gate/VID20260621024117_normalized.mp4,183,3.042572219409532,True,ok,800,800,788,0.985,0.784054160118103,0.6474976539611816,0.02821411914526223,-0.016648399384456617,0.032759818699245394,0.0007238219615556744,0.9999905445756913,-9.455424308746352e-06
/Users/cr/Codes/screen-normalize/runs/proposal_best_geometry_gate/VID20260621024117_normalized.mp4,184,3.0591982971112235,True,ok,800,800,784,0.98,0.7883793711662292,0.6486098766326904,-0.06151895055284525,-0.034016608254240216,0.07029730374805183,-0.00030616575306106425,1.0001010185328492,0.00010101853284916196
/Users/cr/Codes/screen-normalize/runs/proposal_best_geometry_gate/VID20260621024117_normalized.mp4,185,3.075824374812915,True,ok,800,800,800,1.0,0.8311880826950073,0.71269690990448,0.07953168311835514,0.02321918031060001,0.08285178908107302,0.0005617239428236837,0.9999273307645791,-7.266923542093018e-05
/Users/cr/Codes/screen-normalize/runs/proposal_best_geometry_gate/VID20260621024117_normalized.mp4,186,3.092450452514606,True,ok,800,800,800,1.0,0.8380928039550781,0.7118628025054932,-0.044021791751043385,0.039699666605355545,0.05927884679671674,-0.0020710346274141374,0.9999943095557687,-5.6904442312655235e-06
/Users/cr/Codes/screen-normalize/runs/proposal_best_geometry_gate/VID20260621024117_normalized.mp4,187,3.109076530216298,True,ok,800,800,800,1.0,0.8412975072860718,0.7118628025054932,-0.007100987543935178,0.005402968168454314,0.008922784830334816,-0.0007665657670190625,0.9999964090536766,-3.5909463234062855e-06
/Users/cr/Codes/screen-normalize/runs/proposal_best_geometry_gate/VID20260621024117_normalized.mp4,188,3.1257026079179893,True,ok,800,800,799,0.99875,0.8241792321205139,0.7108433246612549,0.018482369140572677,-0.015019478243378903,0.023815597740802674,0.0014729212179704903,1.0000012678394385,1.2678394385456926e-06
/Users/cr/Codes/screen-normalize/runs/proposal_best_geometry_gate/VID20260621024117_normalized.mp4,189,3.1423286856196806,True,ok,800,800,800,1.0,0.7937467098236084,0.7109360098838806,0.049883274452430466,0.05579747564458537,0.07484450119016493,0.0002239456347236161,0.999910135163002,-8.98648369980215e-05
/Users/cr/Codes/screen-normalize/runs/proposal_best_geometry_gate/VID20260621024117_normalized.mp4,190,3.158954763321372,True,ok,800,800,800,1.0,0.7531266212463379,0.71269690990448,0.013330325284585172,-0.014226587620231101,0.019495983368606046,0.0015732495006300562,0.9999891723682292,-1.0827631770848889e-05
/Users/cr/Codes/screen-normalize/runs/proposal_best_geometry_gate/VID20260621024117_normalized.mp4,191,3.1755808410230633,True,ok,800,800,800,1.0,0.7312662601470947,0.7127432823181152,-0.05131063580408836,-0.028977568932084107,0.05892775956909851,-0.001764474614371924,1.0000864665405547,8.646654055466385e-05
/Users/cr/Codes/screen-normalize/runs/proposal_best_geometry_gate/VID20260621024117_normalized.mp4,192,3.192206918724755,True,ok,800,800,800,1.0,0.7041428089141846,0.7145968079566956,-0.02345817488162305,0.0027714916532697448,0.023621327963536564,-0.0031964099517814517,1.0000312963149889,3.12963149888823e-05
/Users/cr/Codes/screen-normalize/runs/proposal_best_geometry_gate/VID20260621024117_normalized.mp4,193,3.2088329964264464,True,ok,800,800,800,1.0,0.6889525651931763,0.7136237025260925,0.02238854755039532,-0.01827898207402297,0.028902737709060808,0.0012784050161462738,0.9999993362144992,-6.637855007873839e-07
/Users/cr/Codes/screen-normalize/runs/proposal_best_geometry_gate/VID20260621024117_normalized.mp4,194,3.2254590741281377,True,ok,800,800,800,1.0,0.6931734681129456,0.7145968675613403,-0.018004094184985667,0.0008474903778909001,0.018024029720416362,-0.0011699218454784418,1.0000204255195613,2.0425519561273475e-05
/Users/cr/Codes/screen-normalize/runs/proposal_best_geometry_gate/VID20260621024117_normalized.mp4,195,3.242085151829829,True,ok,800,800,800,1.0,0.6733455061912537,0.7127895951271057,-0.0016314878448388896,0.013188599634739857,0.013289127620476723,-0.0003459774329018759,0.9999994311821819,-5.688178180696113e-07
/Users/cr/Codes/screen-normalize/runs/proposal_best_geometry_gate/VID20260621024117_normalized.mp4,196,3.258711229531521,True,ok,800,800,799,0.99875,0.6556018590927124,0.7154772877693176,0.022556410177966158,0.060474447650388126,0.06454417447559609,-0.0015816348859054627,0.9999085569141339,-9.144308586606087e-05
/Users/cr/Codes/screen-normalize/runs/proposal_best_geometry_gate/VID20260621024117_normalized.mp4,197,3.275337307233212,True,ok,800,800,799,0.99875,0.654246985912323,0.7099165916442871,-0.004161760393093001,-0.09467205686353182,0.09476348769616555,0.004010732978286782,1.0001033744858834,0.0001033744858833785
/Users/cr/Codes/screen-normalize/runs/proposal_best_geometry_gate/VID20260621024117_normalized.mp4,198,3.2919633849349035,True,ok,800,800,800,1.0,0.6469514966011047,0.7109360098838806,0.021843494788910983,0.09170071013751499,0.09426642299524113,-0.0037434025485259185,0.9998997679284866,-0.00010023207151343971
/Users/cr/Codes/screen-normalize/runs/proposal_best_geometry_gate/VID20260621024117_normalized.mp4,199,3.308589462636595,True,ok,800,800,800,1.0,0.6532047986984253,0.7126969695091248,0.003897132390709823,-0.004075862632104188,0.005639175211544942,0.0007013002513631697,0.9999994699883027,-5.300116973083746e-07
/Users/cr/Codes/screen-normalize/runs/proposal_best_geometry_gate/VID20260621024117_normalized.mp4,200,3.325215540338286,True,ok,800,800,800,1.0,0.6470817923545837,0.7108433842658997,0.01926170423859625,0.02022168724658685,0.02792722480437199,0.0010884333579703333,0.9999799786588274,-2.0021341172626883e-05
/Users/cr/Codes/screen-normalize/runs/proposal_best_geometry_gate/VID20260621024117_normalized.mp4,201,3.341841618039978,True,ok,800,800,795,0.99375,0.6680042147636414,0.7111214399337769,-0.022277658372696837,-0.04595702301842315,0.05107192993500897,0.000762826326113333,1.000054261819941,5.4261819941059386e-05
/Users/cr/Codes/screen-normalize/runs/proposal_best_geometry_gate/VID20260621024117_normalized.mp4,202,3.3584676957416693,True,ok,800,800,799,0.99875,0.6958311200141907,0.6515291929244995,0.005475302776882296,-0.026733915814143902,0.02728884745195862,0.001675927981554576,0.9999977846862941,-2.215313705922206e-06
/Users/cr/Codes/screen-normalize/runs/proposal_best_geometry_gate/VID20260621024117_normalized.mp4,203,3.3750937734433606,True,ok,800,800,794,0.9925,0.7042209506034851,0.6499999761581421,0.03489970706192292,-0.011172639311988409,0.03664447328320904,0.004394389106512447,0.9999769632474506,-2.3036752549443484e-05
/Users/cr/Codes/screen-normalize/runs/proposal_best_geometry_gate/VID20260621024117_normalized.mp4,204,3.391719851145052,True,ok,800,800,795,0.99375,0.7209483981132507,0.6493049263954163,-0.024174722235073706,0.007711561936036976,0.025374896701982876,-0.004567740519082814,1.0000305126729216,3.051267292164539e-05
/Users/cr/Codes/screen-normalize/runs/proposal_best_geometry_gate/VID20260621024117_normalized.mp4,205,3.4083459288467437,True,ok,800,800,800,1.0,0.7131057977676392,0.6496756076812744,-0.003270770139201459,0.007699188075299184,0.008365132056478312,0.0030402979835222202,0.9999773278807064,-2.2672119293631887e-05
/Users/cr/Codes/screen-normalize/runs/proposal_best_geometry_gate/VID20260621024117_normalized.mp4,206,3.424972006548435,True,ok,800,800,800,1.0,0.709900975227356,0.6496756076812744,0.01809814855759484,0.01011936972214237,0.020735106095368404,-0.0016831695541939845,0.9999768460157551,-2.315398424490578e-05
/Users/cr/Codes/screen-normalize/runs/proposal_best_geometry_gate/VID20260621024117_normalized.mp4,207,3.4415980842501264,True,ok,800,800,798,0.9975,0.6911152005195618,0.6496756076812744,-0.0014266504051619194,-0.010651600741339782,0.01074671716067092,0.0010882180822493648,1.000011151026314,1.1151026314104584e-05
/Users/cr/Codes/screen-normalize/runs/proposal_best_geometry_gate/VID20260621024117_normalized.mp4,208,3.4582241619518177,True,ok,800,800,794,0.9925,0.7016414999961853,0.6487488150596619,-0.028706474777796198,0.02136645977081153,0.035785294428102125,-0.001784292167956748,1.0000174160129103,1.741601291027628e-05
/Users/cr/Codes/screen-normalize/runs/proposal_best_geometry_gate/VID20260621024117_normalized.mp4,209,3.474850239653509,True,ok,800,800,794,0.9925,0.7121157050132751,0.6490731835365295,0.01585080585932284,-0.010731960934509623,0.01914217939237285,0.0014424147485547416,0.9999987829287671,-1.2170712329062638e-06
/Users/cr/Codes/screen-normalize/runs/proposal_best_geometry_gate/VID20260621024117_normalized.mp4,210,3.491476317355201,True,ok,800,800,800,1.0,0.7130275964736938,0.7089897990226746,0.02438190225909584,-0.017042900545771345,0.029747901048395933,0.0012786105986320562,1.0000089154658989,8.915465898873265e-06
/Users/cr/Codes/screen-normalize/runs/proposal_best_geometry_gate/VID20260621024117_normalized.mp4,211,3.508102395056892,True,ok,800,800,799,0.99875,0.7087545394897461,0.7099165916442871,-0.011840555221294253,-0.020566727132082137,0.023731603672614333,0.0002725297555605617,1.0000415582203466,4.155822034657142e-05
/Users/cr/Codes/screen-normalize/runs/proposal_best_geometry_gate/VID20260621024117_normalized.mp4,212,3.5247284727585835,True,ok,800,800,800,1.0,0.6810317635536194,0.709036111831665,-0.0313472783323888,-0.013421726136488732,0.03409977406569078,-0.0014745478540836663,1.00000795438388,7.95438388001557e-06
/Users/cr/Codes/screen-normalize/runs/proposal_best_geometry_gate/VID20260621024117_normalized.mp4,213,3.541354550460275,True,ok,800,800,800,1.0,0.6785826086997986,0.7099165916442871,0.02251768105655457,-0.016075506229032796,0.027667089848489465,0.0016111541346615263,0.9999770432318841,-2.295676811592262e-05
/Users/cr/Codes/screen-normalize/runs/proposal_best_geometry_gate/VID20260621024117_normalized.mp4,214,3.5579806281619666,True,ok,800,800,800,1.0,0.6786347031593323,0.709036111831665,-0.0004223370641977947,0.042051834658612314,0.042053955423373236,-0.0013623669359086033,0.9999818771491191,-1.8122850880875063e-05
/Users/cr/Codes/screen-normalize/runs/proposal_best_geometry_gate/VID20260621024117_normalized.mp4,215,3.574606705863658,True,ok,800,800,800,1.0,0.6994789242744446,0.7108433842658997,-0.025994595204268417,-0.028798686621287206,0.038795403477021366,0.0018369713811612794,1.000033552500437,3.3552500436906385e-05
/Users/cr/Codes/screen-normalize/runs/proposal_best_geometry_gate/VID20260621024117_normalized.mp4,216,3.5912327835653493,True,ok,800,800,800,1.0,0.6994267702102661,0.7136237025260925,-0.015814574924158897,0.0015479425809549758,0.015890151234829987,-0.0003655899000430162,1.000010371930656,1.0371930655894701e-05
/Users/cr/Codes/screen-normalize/runs/proposal_best_geometry_gate/VID20260621024117_normalized.mp4,217,3.6078588612670406,True,ok,800,800,800,1.0,0.7015112638473511,0.7136237025260925,-0.0021646845554196825,-0.004111694534483901,0.0046467075622829215,0.000549813361381935,1.0000132924881024,1.3292488102445432e-05
/Users/cr/Codes/screen-normalize/runs/proposal_best_geometry_gate/VID20260621024117_normalized.mp4,218,3.6244849389687324,True,ok,800,800,800,1.0,0.6967951655387878,0.7154772877693176,0.01409482218256661,-0.0026411878675747197,0.014340149431229637,0.0004933837409480426,0.9999922825988681,-7.717401131923651e-06
/Users/cr/Codes/screen-normalize/runs/proposal_best_geometry_gate/VID20260621024117_normalized.mp4,219,3.6411110166704237,True,ok,800,800,800,1.0,0.7040125131607056,0.7127895951271057,-0.03713264881684103,0.0026429431185648056,0.03722658668858608,-0.0011237391741888542,1.000001811111112,1.8111111119711865e-06
/Users/cr/Codes/screen-normalize/runs/proposal_best_geometry_gate/VID20260621024117_normalized.mp4,220,3.657737094372115,True,ok,800,800,800,1.0,0.720036506652832,0.7110286951065063,-0.015834829925050906,0.02779605882236177,0.031990041025473585,-0.0020291234756003237,0.9999846944159568,-1.5305584043168174e-05
/Users/cr/Codes/screen-normalize/runs/proposal_best_geometry_gate/VID20260621024117_normalized.mp4,221,3.6743631720738064,True,ok,800,800,800,1.0,0.7156592011451721,0.7164503931999207,-0.02744583195928507,-0.015366858179388404,0.03145495226896315,-0.0011505382648179397,1.0000500528916942,5.00528916942411e-05
/Users/cr/Codes/screen-normalize/runs/proposal_best_geometry_gate/VID20260621024117_normalized.mp4,222,3.6909892497754977,True,ok,800,799,799,1.0,0.6956748962402344,0.7155699729919434,-0.04273589616710229,0.004512097685795676,0.04297343187053498,-0.0014657141110797068,1.0000269579509442,2.6957950944206388e-05
/Users/cr/Codes/screen-normalize/runs/proposal_best_geometry_gate/VID20260621024117_normalized.mp4,223,3.7076153274771895,True,ok,800,800,800,1.0,0.6907243132591248,0.7164503931999207,-0.021662261657464987,0.020253074975835894,0.029655364204361205,-6.287197011137348e-05,0.9999791253007191,-2.087469928091501e-05
/Users/cr/Codes/screen-normalize/runs/proposal_best_geometry_gate/VID20260621024117_normalized.mp4,224,3.724241405178881,True,ok,800,800,800,1.0,0.6838718056678772,0.7108433842658997,-0.04606171935757857,0.022285762195317797,0.05116969011829742,-0.005721977935608121,1.0000502895603576,5.0289560357574814e-05
/Users/cr/Codes/screen-normalize/runs/proposal_best_geometry_gate/VID20260621024117_normalized.mp4,225,3.740867482880572,True,ok,800,800,800,1.0,0.6719124913215637,0.7182576656341553,0.008142487088635533,0.047892127288534064,0.04857937784914238,-0.0007403668890203617,0.9999612979138173,-3.870208618272919e-05
/Users/cr/Codes/screen-normalize/runs/proposal_best_geometry_gate/VID20260621024117_normalized.mp4,226,3.7574935605822635,True,ok,800,799,799,1.0,0.6722772121429443,0.7182576656341553,-0.26081759037374297,-0.3753253238127776,0.4570502315320844,0.006786250371007918,1.0008442890845606,0.0008442890845605788
/Users/cr/Codes/screen-normalize/runs/proposal_best_geometry_gate/VID20260621024117_normalized.mp4,227,3.7741196382839552,True,ok,800,800,800,1.0,0.6687597632408142,0.7138091325759888,0.34511842025786543,0.33759106634844294,0.48277784961570414,-0.004022053083234226,0.999070857355939,-0.0009291426440609651
/Users/cr/Codes/screen-normalize/runs/proposal_best_geometry_gate/VID20260621024117_normalized.mp4,228,3.7907457159856466,True,ok,800,800,800,1.0,0.6707921028137207,0.7174234986305237,-0.04254862046156937,-0.07173192565129327,0.08340176413497107,0.002959539377138976,1.000118107642114,0.00011810764211395153
/Users/cr/Codes/screen-normalize/runs/proposal_best_geometry_gate/VID20260621024117_normalized.mp4,229,3.807371793687338,True,ok,800,800,800,1.0,0.666076123714447,0.7164503931999207,-0.020633270835754586,0.145633378272651,0.14708777220587255,-0.007594468790276956,0.9999417313135864,-5.8268686413565085e-05
/Users/cr/Codes/screen-normalize/runs/proposal_best_geometry_gate/VID20260621024117_normalized.mp4,230,3.8239978713890292,True,ok,800,800,800,1.0,0.6775925159454346,0.7183039784431458,0.015030026412732106,-0.02521441580510917,0.02935418979226584,0.002181610681728177,1.0000096521321875,9.652132187509821e-06
/Users/cr/Codes/screen-normalize/runs/proposal_best_geometry_gate/VID20260621024117_normalized.mp4,231,3.8406239490907206,True,ok,800,800,800,1.0,0.6760812997817993,0.7173308730125427,-0.008492904290292036,0.011775971685008907,0.014519054115547348,-0.0010063049364791726,0.9999930760924844,-6.923907515554717e-06
/Users/cr/Codes/screen-normalize/runs/proposal_best_geometry_gate/VID20260621024117_normalized.mp4,232,3.8572500267924124,True,ok,800,800,800,1.0,0.684471070766449,0.7164040803909302,0.02884919421982046,0.002927522485903159,0.028997351517654,0.0009315670409925488,0.9999753815286908,-2.461847130919015e-05
/Users/cr/Codes/screen-normalize/runs/proposal_best_geometry_gate/VID20260621024117_normalized.mp4,233,3.8738761044941037,True,ok,800,800,800,1.0,0.6742313504219055,0.7164040803909302,0.0877149640464519,0.025698754046295774,0.09140208354956879,0.0007012838322883296,0.9999123890448867,-8.76109551133375e-05
/Users/cr/Codes/screen-normalize/runs/proposal_best_geometry_gate/VID20260621024117_normalized.mp4,234,3.890502182195795,True,ok,800,800,800,1.0,0.6663106083869934,0.7145968675613403,-0.10224696189147893,-0.13598294722122176,0.17013466181530185,0.002950741987713728,1.0002132139898425,0.00021321398984253115
/Users/cr/Codes/screen-normalize/runs/proposal_best_geometry_gate/VID20260621024117_normalized.mp4,235,3.9071282598974864,True,ok,800,800,800,1.0,0.6738405227661133,0.7154772877693176,0.04359178855214108,0.089871577639197,0.09988565711118284,-0.0005913383030455615,0.9998500261854203,-0.00014997381457970693
/Users/cr/Codes/screen-normalize/runs/proposal_best_geometry_gate/VID20260621024117_normalized.mp4,236,3.923754337599178,True,ok,800,800,800,1.0,0.6653205156326294,0.7136237025260925,-0.05186788050446964,0.011097348450558778,0.05304175874402225,-0.0025535567668815637,1.000024482042671,2.4482042670914694e-05
/Users/cr/Codes/screen-normalize/runs/proposal_best_geometry_gate/VID20260621024117_normalized.mp4,237,3.9403804153008695,True,ok,800,800,800,1.0,0.6752214431762695,0.7154772877693176,0.05735056562564427,-0.008197209104559055,0.05793342398551286,0.0017671264871315494,0.9999704270529802,-2.9572947019773643e-05
/Users/cr/Codes/screen-normalize/runs/proposal_best_geometry_gate/VID20260621024117_normalized.mp4,238,3.957006493002561,True,ok,800,800,800,1.0,0.6712610721588135,0.7155236005783081,-0.04210283346916393,-0.0077001770667102145,0.042801183546612824,-0.0005402890794424863,1.000037678061037,3.7678061036938715e-05
/Users/cr/Codes/screen-normalize/runs/proposal_best_geometry_gate/VID20260621024117_normalized.mp4,239,3.973632570704252,True,ok,800,800,800,1.0,0.673892617225647,0.7136237025260925,0.07909127296957152,-0.0865287183658858,0.11722904316759587,0.00514690184876335,1.0000124751692026,1.247516920255265e-05
/Users/cr/Codes/screen-normalize/runs/proposal_best_geometry_gate/VID20260621024117_normalized.mp4,240,3.9902586484059435,True,ok,800,800,800,1.0,0.689134955406189,0.7137163877487183,-0.01690417481383637,0.013750479178004787,0.021790520961222637,-0.002410255150088071,0.9999953463120395,-4.653687960542996e-06
/Users/cr/Codes/screen-normalize/runs/proposal_best_geometry_gate/VID20260621024117_normalized.mp4,241,4.006884726107635,True,ok,800,800,792,0.99,0.667795717716217,0.7103336453437805,-0.1217431304510414,0.049005669289268944,0.1312362199795029,-0.004317715527688257,1.0001055412095117,0.00010554120951167256
/Users/cr/Codes/screen-normalize/runs/proposal_best_geometry_gate/VID20260621024117_normalized.mp4,242,4.023510803809327,True,ok,800,800,800,1.0,0.693355917930603,0.7154772877693176,0.03668408128437713,-0.029295293651314346,0.04694609727970502,0.0023076263452565253,0.9999723908227656,-2.7609177234433346e-05
/Users/cr/Codes/screen-normalize/runs/proposal_best_geometry_gate/VID20260621024117_normalized.mp4,243,4.040136881511018,True,ok,800,800,800,1.0,0.6769932508468628,0.7145968675613403,-0.012609334194770743,0.009281777900565998,0.015657161614764346,-0.000680997139626153,1.0000001859380259,1.8593802586508446e-07
/Users/cr/Codes/screen-normalize/runs/proposal_best_geometry_gate/VID20260621024117_normalized.mp4,244,4.056762959212709,True,ok,800,800,800,1.0,0.6709744930267334,0.7154772877693176,-0.0024141167061836263,-0.023087414577455195,0.023213286526090303,0.0007060819517041712,1.0000306930073557,3.069300735569769e-05
/Users/cr/Codes/screen-normalize/runs/proposal_best_geometry_gate/VID20260621024117_normalized.mp4,245,4.073389036914401,True,ok,800,800,800,1.0,0.6774882674217224,0.7136700749397278,-0.010717500735129042,0.057026915607205575,0.058025286950422215,-0.0018457051063648796,0.9999761973190229,-2.3802680977125235e-05
/Users/cr/Codes/screen-normalize/runs/proposal_best_geometry_gate/VID20260621024117_normalized.mp4,246,4.090015114616092,True,ok,800,800,800,1.0,0.6774882674217224,0.7136700749397278,-0.03140035420410786,0.008234686679889112,0.03246216734691905,-0.0018033892911434252,1.0000359927881342,3.599278813415374e-05
/Users/cr/Codes/screen-normalize/runs/proposal_best_geometry_gate/VID20260621024117_normalized.mp4,247,4.106641192317784,True,ok,800,800,800,1.0,0.693486213684082,0.7127432823181152,-0.005667324296748363,-0.005485489457419487,0.00788727831840456,0.000376320773172306,0.9999991265703655,-8.734296345069836e-07
/Users/cr/Codes/screen-normalize/runs/proposal_best_geometry_gate/VID20260621024117_normalized.mp4,248,4.1232672700194755,True,ok,800,800,800,1.0,0.6994268298149109,0.7118164896965027,0.020824473035741364,-0.00885112216349479,0.022627439995930337,0.0013144463088931803,0.999993958046813,-6.041953186985971e-06
/Users/cr/Codes/screen-normalize/runs/proposal_best_geometry_gate/VID20260621024117_normalized.mp4,249,4.139893347721166,True,ok,800,800,800,1.0,0.7089369297027588,0.7118164896965027,-0.0126942344695166,-0.0042517928619382915,0.013387357144257143,-0.0009883037799604973,1.000035822047747,3.5822047746991714e-05
/Users/cr/Codes/screen-normalize/runs/proposal_best_geometry_gate/VID20260621024117_normalized.mp4,250,4.156519425422858,True,ok,800,800,800,1.0,0.7088587880134583,0.7099629044532776,-0.025397986163286125,-0.001726597697833232,0.025456607015873826,-0.0008960982253929704,1.0000256601753064,2.5660175306363442e-05
/Users/cr/Codes/screen-normalize/runs/proposal_best_geometry_gate/VID20260621024117_normalized.mp4,251,4.173145503124549,True,ok,800,800,800,1.0,0.7124804258346558,0.7117701768875122,0.0010127453008079157,0.004656974923411966,0.004765822959531376,7.136331282542344e-05,0.9999802053818566,-1.9794618143387233e-05
/Users/cr/Codes/screen-normalize/runs/proposal_best_geometry_gate/VID20260621024117_normalized.mp4,252,4.189771580826241,True,ok,800,800,800,1.0,0.7078166007995605,0.7117701768875122,-0.008903229321895367,-0.0009161921584553284,0.008950245830672611,-0.0005115138933859849,1.0000075031276252,7.503127625207995e-06
/Users/cr/Codes/screen-normalize/runs/proposal_best_geometry_gate/VID20260621024117_normalized.mp4,253,4.206397658527933,True,ok,800,800,800,1.0,0.714252233505249,0.7118164896965027,0.037897200114144186,0.003713007599527116,0.03807865808987544,0.0007994857683216288,0.9999577648157391,-4.2235184260941416e-05
/Users/cr/Codes/screen-normalize/runs/proposal_best_geometry_gate/VID20260621024117_normalized.mp4,254,4.2230237362296235,True,ok,800,800,800,1.0,0.7151641249656677,0.7118164896965027,-0.01061924140676944,-0.006748948082354244,0.012582391993319857,0.0003234214738333658,1.0000288680253548,2.8868025354844562e-05
/Users/cr/Codes/screen-normalize/runs/proposal_best_geometry_gate/VID20260621024117_normalized.mp4,255,4.239649813931315,True,ok,800,800,800,1.0,0.7166492938995361,0.7108433842658997,0.005584968992729665,-0.005134658183304004,0.007586606178596763,0.00037871694341312786,0.9999828434076127,-1.7156592387324032e-05
/Users/cr/Codes/screen-normalize/runs/proposal_best_geometry_gate/VID20260621024117_normalized.mp4,256,4.256275891633006,True,ok,800,800,800,1.0,0.7230328321456909,0.7117701768875122,0.008201503549463767,-0.004239863896218996,0.009232611024532988,0.0002572793614508324,0.9999948121127104,-5.187887289648252e-06
/Users/cr/Codes/screen-normalize/runs/proposal_best_geometry_gate/VID20260621024117_normalized.mp4,257,4.272901969334698,True,ok,800,800,800,1.0,0.7343146800994873,0.7108896970748901,0.03306292681456062,0.005203648097550494,0.03346991310218974,0.0002682861870049187,0.999956681541592,-4.3318458407992644e-05
/Users/cr/Codes/screen-normalize/runs/proposal_best_geometry_gate/VID20260621024117_normalized.mp4,258,4.28952804703639,True,ok,800,800,800,1.0,0.7146690487861633,0.7118164300918579,-0.01842870953801135,-0.004109456688538192,0.01888133918744541,-0.00011244626750945202,1.0000255396648767,2.5539664876728096e-05
/Users/cr/Codes/screen-normalize/runs/proposal_best_geometry_gate/VID20260621024117_normalized.mp4,259,4.306154124738081,True,ok,800,800,800,1.0,0.7191244959831238,0.71269690990448,-0.004603047964630681,0.005744224399272913,0.007360989370586872,-0.0005097335386183103,1.000001324221587,1.3242215870512553e-06
/Users/cr/Codes/screen-normalize/runs/proposal_best_geometry_gate/VID20260621024117_normalized.mp4,260,4.322780202439772,True,ok,800,800,800,1.0,0.7020323276519775,0.7127432823181152,-0.00039360032424540914,0.007722238890123192,0.0077322632321576565,0.0006005981211248785,0.999998929334083,-1.0706659170356403e-06
/Users/cr/Codes/screen-normalize/runs/proposal_best_geometry_gate/VID20260621024117_normalized.mp4,261,4.339406280141464,True,ok,800,800,800,1.0,0.6984367370605469,0.7136237025260925,0.010891452915446145,0.0028104616782837866,0.011248219479299026,0.001116023462391919,0.9999836168969497,-1.638310305029922e-05
/Users/cr/Codes/screen-normalize/runs/proposal_best_geometry_gate/VID20260621024117_normalized.mp4,262,4.356032357843155,True,ok,800,800,800,1.0,0.6889525651931763,0.7145968675613403,-0.006941616745137713,0.01676774581255064,0.018147819226306112,-6.060047598382753e-05,0.9999990079717747,-9.920282253439439e-07
/Users/cr/Codes/screen-normalize/runs/proposal_best_geometry_gate/VID20260621024117_normalized.mp4,263,4.372658435544847,True,ok,800,800,800,1.0,0.6889786124229431,0.7137163877487183,-0.012857757930263636,0.012348342750663719,0.017827044277757505,-0.0017124219213919315,1.0000082064389277,8.206438927738091e-06
/Users/cr/Codes/screen-normalize/runs/proposal_best_geometry_gate/VID20260621024117_normalized.mp4,264,4.389284513246538,True,ok,800,800,800,1.0,0.6814747452735901,0.7145968675613403,-0.00873192591315429,-0.02098132412984194,0.022725811149314407,0.0009792893153862522,1.0000104192218096,1.0419221809554458e-05
/Users/cr/Codes/screen-normalize/runs/proposal_best_geometry_gate/VID20260621024117_normalized.mp4,265,4.4059105909482295,True,ok,800,800,800,1.0,0.6905940771102905,0.7145968675613403,0.0009462687040374673,0.002793443798888934,0.0029493647990358513,-0.0008233233377717886,1.0000003003564377,3.0035643772130527e-07
/Users/cr/Codes/screen-normalize/runs/proposal_best_geometry_gate/VID20260621024117_normalized.mp4,266,4.422536668649921,True,ok,800,800,800,1.0,0.6906201243400574,0.7145504951477051,-0.0043811451413021335,0.005479050561033735,0.0070152995516598845,-0.00041050111933579045,0.9999802288697984,-1.9771130201573506e-05
/Users/cr/Codes/screen-normalize/runs/proposal_best_geometry_gate/VID20260621024117_normalized.mp4,267,4.439162746351612,True,ok,800,800,800,1.0,0.6814747452735901,0.7136237025260925,-0.0037545919130878482,-0.004301104903043127,0.0057093312936635846,0.0007296134151290242,1.0000005320769627,5.320769627115141e-07
/Users/cr/Codes/screen-normalize/runs/proposal_best_geometry_gate/VID20260621024117_normalized.mp4,268,4.455788824053304,True,ok,800,800,800,1.0,0.6819697618484497,0.7136700749397278,-0.007568969517632588,-0.050111191255911444,0.05067958946800365,0.00176005245417818,1.0000338655728023,3.386557280227187e-05
/Users/cr/Codes/screen-normalize/runs/proposal_best_geometry_gate/VID20260621024117_normalized.mp4,269,4.472414901754995,True,ok,800,800,800,1.0,0.6814486980438232,0.714643120765686,-0.0028987226190387125,0.051653270812167404,0.05173454337690855,-0.0025848761320452513,0.9999809870452353,-1.9012954764696666e-05
/Users/cr/Codes/screen-normalize/runs/proposal_best_geometry_gate/VID20260621024117_normalized.mp4,270,4.489040979456687,True,ok,800,800,800,1.0,0.6814486980438232,0.7137163877487183,0.00858453944582982,0.024309395394942812,0.0257806326913184,-0.0014867866824860823,0.999979958408459,-2.004159154100904e-05
/Users/cr/Codes/screen-normalize/runs/proposal_best_geometry_gate/VID20260621024117_normalized.mp4,271,4.505667057158378,True,ok,800,800,800,1.0,0.6814486980438232,0.7154772877693176,-0.015508435401636494,-0.015635249484941313,0.022022093339714315,-9.251020296081449e-05,1.0000350596172853,3.505961728533791e-05
/Users/cr/Codes/screen-normalize/runs/proposal_best_geometry_gate/VID20260621024117_normalized.mp4,272,4.522293134860069,True,ok,800,800,800,1.0,0.6781136393547058,0.7145968675613403,-0.1029807575202424,-0.006374795675201585,0.10317787766446608,-0.004180594946541668,1.0001234634784224,0.00012346347842240313
/Users/cr/Codes/screen-normalize/runs/proposal_best_geometry_gate/VID20260621024117_normalized.mp4,273,4.538919212561761,True,ok,800,800,798,0.9975,0.6718342900276184,0.7145504951477051,0.1315291300466507,-0.0021362523002594336,0.13154647705172162,0.006321299385550766,0.9998446572986099,-0.0001553427013900599
/Users/cr/Codes/screen-normalize/runs/proposal_best_geometry_gate/VID20260621024117_normalized.mp4,274,4.555545290263452,True,ok,800,800,800,1.0,0.6781136393547058,0.7145968079566956,-0.00555856829122013,-0.018773575545816386,0.019579193553939674,9.422607771975732e-05,1.0000137338615258,1.3733861525810909e-05
/Users/cr/Codes/screen-normalize/runs/proposal_best_geometry_gate/VID20260621024117_normalized.mp4,275,4.572171367965144,True,ok,800,800,800,1.0,0.6781136393547058,0.7109823822975159,-0.0024535898220653107,-0.02675292004883341,0.026865197452358602,0.0007059190650839771,1.0000317400523906,3.174005239059419e-05
/Users/cr/Codes/screen-normalize/runs/proposal_best_geometry_gate/VID20260621024117_normalized.mp4,276,4.5887974456668355,True,ok,800,800,800,1.0,0.6879624724388123,0.7154772877693176,-0.01128251116186868,-0.027816974758906682,0.03001798032605363,0.0011903298786686458,1.000029612306908,2.9612306907900177e-05
/Users/cr/Codes/screen-normalize/runs/proposal_best_geometry_gate/VID20260621024117_normalized.mp4,277,4.605423523368526,True,ok,800,800,800,1.0,0.687701940536499,0.7155236601829529,0.007739381502854769,0.029437199379649927,0.03043758750893363,-0.0015797847900308052,0.9999687777932088,-3.12222067911927e-05
/Users/cr/Codes/screen-normalize/runs/proposal_best_geometry_gate/VID20260621024117_normalized.mp4,278,4.622049601070218,True,ok,800,800,800,1.0,0.6942939162254333,0.7155236601829529,-0.041833381779691835,-0.0322531377978299,0.05282325935543221,7.671541965710877e-05,1.0000618352413808,6.183524138081431e-05
/Users/cr/Codes/screen-normalize/runs/proposal_best_geometry_gate/VID20260621024117_normalized.mp4,279,4.63867567877191,True,ok,800,800,800,1.0,0.6871808767318726,0.7119091749191284,0.017668795693948098,0.0029649998043490386,0.017915846759622295,0.000735409373061639,0.9999907296761671,-9.270323832910599e-06
/Users/cr/Codes/screen-normalize/runs/proposal_best_geometry_gate/VID20260621024117_normalized.mp4,280,4.655301756473601,True,ok,800,800,800,1.0,0.6999478936195374,0.7136700749397278,-0.0013599857910953361,-0.024911544470990463,0.02494863942747413,0.0005911437629159287,1.0000385445129187,3.854451291873673e-05
/Users/cr/Codes/screen-normalize/runs/proposal_best_geometry_gate/VID20260621024117_normalized.mp4,281,4.671927834175293,True,ok,800,800,800,1.0,0.7047681212425232,0.7109360694885254,0.08958822346923404,-0.012719021668570862,0.09048659180552106,0.0008627146167811915,0.9998893832905298,-0.00011061670947021263
/Users/cr/Codes/screen-normalize/runs/proposal_best_geometry_gate/VID20260621024117_normalized.mp4,282,4.6885539118769834,True,ok,800,800,800,1.0,0.7045336365699768,0.7108433842658997,-0.09194706199252382,0.043401471593332984,0.10167570971241809,-0.003116835769691546,1.0000773919264714,7.739192647138182e-05
/Users/cr/Codes/screen-normalize/runs/proposal_best_geometry_gate/VID20260621024117_normalized.mp4,283,4.705179989578675,True,ok,800,800,800,1.0,0.7030484676361084,0.7108433842658997,0.012177961200917764,0.00854206205841177,0.01487513237658127,-0.00026578879173956414,0.9999657651254166,-3.4234874583427555e-05
/Users/cr/Codes/screen-normalize/runs/proposal_best_geometry_gate/VID20260621024117_normalized.mp4,284,4.721806067280367,True,ok,800,800,800,1.0,0.7047420740127563,0.71269690990448,0.004530619423560863,-0.01938155028055922,0.01990404490647547,0.002043310558050999,1.0000122567785465,1.225677854654883e-05
/Users/cr/Codes/screen-normalize/runs/proposal_best_geometry_gate/VID20260621024117_normalized.mp4,285,4.738432144982058,True,ok,800,800,800,1.0,0.7045596837997437,0.7108433842658997,-0.0008840953410857616,-0.011107626585771116,0.011142755177291604,0.00035389773496082055,1.000010929392864,1.0929392864067466e-05
/Users/cr/Codes/screen-normalize/runs/proposal_best_geometry_gate/VID20260621024117_normalized.mp4,286,4.75505822268375,True,ok,800,800,800,1.0,0.7078947424888611,0.7108896970748901,0.022040909559834117,0.021634336634283297,0.03088440084946249,2.3166663717184902e-05,0.9999717321500676,-2.8267849932372968e-05
/Users/cr/Codes/screen-normalize/runs/proposal_best_geometry_gate/VID20260621024117_normalized.mp4,287,4.771684300385441,True,ok,800,800,800,1.0,0.705237090587616,0.71269690990448,-0.029420861606941184,0.015768606287330348,0.03338017438449985,-0.00017710431988818634,1.0000073329281265,7.332928126491112e-06
/Users/cr/Codes/screen-normalize/runs/proposal_best_geometry_gate/VID20260621024117_normalized.mp4,288,4.788310378087132,True,ok,800,800,800,1.0,0.705784261226654,0.7109360694885254,-0.014315012437251598,-0.00301228557662665,0.014628514807519623,-9.134298708241886e-05,1.0000076926790613,7.69267906131077e-06
/Users/cr/Codes/screen-normalize/runs/proposal_best_geometry_gate/VID20260621024117_normalized.mp4,289,4.804936455788824,True,ok,800,800,800,1.0,0.7046117782592773,0.7127432823181152,0.013728244616502438,-8.671273733703486e-05,0.01372851846884232,0.001081523698364223,0.999979053260435,-2.0946739564986494e-05
/Users/cr/Codes/screen-normalize/runs/proposal_best_geometry_gate/VID20260621024117_normalized.mp4,290,4.821562533490515,True,ok,800,800,800,1.0,0.704246997833252,0.7109360694885254,-0.0027149781793485324,-0.003231787972930958,0.00422084825791213,-0.00023185305350497626,1.0000062853905003,6.285390500293531e-06
/Users/cr/Codes/screen-normalize/runs/proposal_best_geometry_gate/VID20260621024117_normalized.mp4,291,4.838188611192207,True,ok,800,800,800,1.0,0.7015633583068848,0.7108433842658997,0.01207329066068428,0.010088106241359187,0.015733220741930638,-7.758562961677012e-05,0.9999730505132669,-2.6949486733096606e-05
/Users/cr/Codes/screen-normalize/runs/proposal_best_geometry_gate/VID20260621024117_normalized.mp4,292,4.854814688893898,True,ok,800,800,800,1.0,0.7020583748817444,0.7109360694885254,-0.0042811506055506245,0.0006456147748961595,0.0043295575922916996,-0.0004041515885603502,1.0000204996885815,2.0499688581532283e-05
/Users/cr/Codes/screen-normalize/runs/proposal_best_geometry_gate/VID20260621024117_normalized.mp4,293,4.8714407665955894,True,ok,800,800,800,1.0,0.7088327407836914,0.71269690990448,0.004998340342573667,-0.0016554783709763073,0.005265359894344337,0.0002696382125906657,0.9999951215233671,-4.878476632885764e-06
/Users/cr/Codes/screen-normalize/runs/proposal_best_geometry_gate/VID20260621024117_normalized.mp4,294,4.888066844297281,True,ok,800,800,800,1.0,0.7089108824729919,0.7109360098838806,0.005959244179545845,-0.012430163421586028,0.013784830571276033,9.208249849128439e-06,0.9999957187693103,-4.2812306897399566e-06
/Users/cr/Codes/screen-normalize/runs/proposal_best_geometry_gate/VID20260621024117_normalized.mp4,295,4.904692921998972,True,ok,800,800,800,1.0,0.709900975227356,0.7108896970748901,0.006123223594537001,-0.0011855825769408192,0.006236944222569276,4.490076951660554e-05,0.9999949587494859,-5.041250514148388e-06
/Users/cr/Codes/screen-normalize/runs/proposal_best_geometry_gate/VID20260621024117_normalized.mp4,296,4.921318999700664,True,ok,800,800,800,1.0,0.7094059586524963,0.7108896970748901,-0.009483667158229963,0.00910191655287185,0.013144764269606823,-0.001082737506063943,1.0000125303586587,1.2530358658668916e-05
/Users/cr/Codes/screen-normalize/runs/proposal_best_geometry_gate/VID20260621024117_normalized.mp4,297,4.937945077402356,True,ok,800,800,800,1.0,0.70945805311203,0.71269690990448,-0.004718551996821058,0.012389623350115508,0.013257733580987039,-0.0004928404915375359,0.9999930588643045,-6.941135695548439e-06
/Users/cr/Codes/screen-normalize/runs/proposal_best_geometry_gate/VID20260621024117_normalized.mp4,298,4.9545711551040466,True,ok,800,800,800,1.0,0.7057582139968872,0.7136237025260925,0.014407962422687673,-0.0023288759694915506,0.014594966408144118,0.0006317565971111832,0.9999866172553465,-1.3382744653456236e-05
/Users/cr/Codes/screen-normalize/runs/proposal_best_geometry_gate/VID20260621024117_normalized.mp4,299,4.971197232805738,True,ok,800,800,800,1.0,0.7064095735549927,0.7118628025054932,-0.013933119099859465,0.015015106561567043,0.020483779751454132,-0.0017232454006550824,1.000007919050647,7.919050647009485e-06
/Users/cr/Codes/screen-normalize/runs/proposal_best_geometry_gate/VID20260621024117_normalized.mp4,300,4.987823310507429,True,ok,800,800,800,1.0,0.709327757358551,0.7108433842658997,-0.007821380941245251,0.0022431881224325607,0.008136700361983164,-0.0003410042126993586,1.0000079787163143,7.978716314305245e-06
/Users/cr/Codes/screen-normalize/runs/proposal_best_geometry_gate/VID20260621024117_normalized.mp4,301,5.004449388209121,True,ok,800,800,800,1.0,0.7125065326690674,0.7108433842658997,0.000579534884893651,-0.022699256397340176,0.02270665324690095,0.00014411774219654747,1.0000180683807516,1.8068380751579127e-05
/Users/cr/Codes/screen-normalize/runs/proposal_best_geometry_gate/VID20260621024117_normalized.mp4,302,5.021075465910813,True,ok,800,800,800,1.0,0.7094059586524963,0.7117701768875122,-0.0213358341020397,0.013013847587920022,0.02499155949258413,-0.0013950587155997108,1.0000176122254858,1.7612225485796884e-05
/Users/cr/Codes/screen-normalize/runs/proposal_best_geometry_gate/VID20260621024117_normalized.mp4,303,5.037701543612504,True,ok,800,800,800,1.0,0.7057582139968872,0.7108896970748901,-0.04736816845979981,-0.0051445895184750266,0.04764672270523521,-0.0008789282932325538,1.000030349172055,3.0349172055021967e-05
/Users/cr/Codes/screen-normalize/runs/proposal_best_geometry_gate/VID20260621024117_normalized.mp4,304,5.054327621314195,True,ok,800,800,800,1.0,0.7077644467353821,0.7109823226928711,0.042828949530318294,0.012461512383649509,0.04460502447884545,0.00035089494560197837,0.999956479610359,-4.352038964094973e-05
/Users/cr/Codes/screen-normalize/runs/proposal_best_geometry_gate/VID20260621024117_normalized.mp4,305,5.070953699015886,True,ok,800,800,800,1.0,0.7057321667671204,0.7118164896965027,0.011782641270086974,-0.020912954112317663,0.02400379730383218,0.0010778492753380348,1.000010258385043,1.025838504298271e-05
/Users/cr/Codes/screen-normalize/runs/proposal_best_geometry_gate/VID20260621024117_normalized.mp4,306,5.087579776717578,True,ok,800,800,800,1.0,0.70945805311203,0.7117701768875122,-0.006571286993149478,0.009652509533074598,0.011677018156722696,-0.0010178396761189278,1.0000099803008045,9.980300804457443e-06
/Users/cr/Codes/screen-normalize/runs/proposal_best_geometry_gate/VID20260621024117_normalized.mp4,307,5.10420585441927,True,ok,800,800,800,1.0,0.7089108824729919,0.7108433842658997,-0.00082142285303969,-0.0016084279369298405,0.0018060387403907611,-0.00022572284600634945,1.0000029195412692,2.9195412691862543e-06
/Users/cr/Codes/screen-normalize/runs/proposal_best_geometry_gate/VID20260621024117_normalized.mp4,308,5.120831932120961,True,ok,800,800,800,1.0,0.705237090587616,0.7108896970748901,-0.017414553123864238,-0.005488529663082296,0.01825898733135066,0.0003176611361619346,1.0000052663455894,5.266345589394206e-06
/Users/cr/Codes/screen-normalize/runs/proposal_best_geometry_gate/VID20260621024117_normalized.mp4,309,5.1374580098226525,True,ok,800,800,800,1.0,0.7079468369483948,0.7127432823181152,-0.004201756896388868,-0.008013822491589133,0.009048541978852243,-7.479356504655048e-05,1.000010873113154,1.0873113154064029e-05
/Users/cr/Codes/screen-normalize/runs/proposal_best_geometry_gate/VID20260621024117_normalized.mp4,310,5.154084087524343,True,ok,800,800,800,1.0,0.7089369297027588,0.7127432227134705,-0.018288743195558413,-0.0008439178922639533,0.018308203764486768,-0.0004828743663441234,1.0000071468086427,7.146808642666258e-06
/Users/cr/Codes/screen-normalize/runs/proposal_best_geometry_gate/VID20260621024117_normalized.mp4,311,5.170710165226035,True,ok,800,800,800,1.0,0.7057321667671204,0.7109360098838806,0.006519765871818921,0.001965269960151675,0.006809525169907907,-0.00013561492099871045,0.9999946052446227,-5.394755377308158e-06
/Users/cr/Codes/screen-normalize/runs/proposal_best_geometry_gate/VID20260621024117_normalized.mp4,312,5.187336242927727,True,ok,800,800,800,1.0,0.7087806463241577,0.7108896970748901,0.011141888115467584,0.008611919694962784,0.014082145845363402,-5.688057149276234e-05,0.9999874290228856,-1.2570977114378934e-05
/Users/cr/Codes/screen-normalize/runs/proposal_best_geometry_gate/VID20260621024117_normalized.mp4,313,5.203962320629418,True,ok,800,800,800,1.0,0.7071651816368103,0.7117701768875122,-0.010071388687455888,0.0009836313645779256,0.010119308314069488,-0.0006684912742058443,0.9999980143845292,-1.985615470823099e-06
/Users/cr/Codes/screen-normalize/runs/proposal_best_geometry_gate/VID20260621024117_normalized.mp4,314,5.22058839833111,True,ok,800,800,800,1.0,0.699583113193512,0.7136237025260925,-0.01058002534599619,-0.011004392604081798,0.015265437855059774,0.0011648664957598968,1.000020110283619,2.0110283619034774e-05
/Users/cr/Codes/screen-normalize/runs/proposal_best_geometry_gate/VID20260621024117_normalized.mp4,315,5.237214476032801,True,ok,800,800,800,1.0,0.7051849961280823,0.7136237025260925,0.03422672395756085,0.024059131238228955,0.04183671149606998,0.0005302419046101655,0.9999502019542208,-4.979804577920355e-05
/Users/cr/Codes/screen-normalize/runs/proposal_best_geometry_gate/VID20260621024117_normalized.mp4,316,5.253840553734492,True,ok,800,800,800,1.0,0.7051849961280823,0.7127432823181152,-0.02136981586774354,-0.01817629506986629,0.02805435318605847,-0.00027933279204061205,1.0000389245968402,3.892459684018412e-05
