category,clip_id,method,metric,status,reason,sampled_frames,rows,ok_rows,fft_angle_separation_deg_mean,fft_angle_separation_deg_p50,fft_angle_separation_deg_p95,fft_angle_separation_deg_max,fft_orthogonality_error_deg_mean,fft_orthogonality_error_deg_p50,fft_orthogonality_error_deg_p95,fft_orthogonality_error_deg_max,fft_axis_alignment_error_deg_mean,fft_axis_alignment_error_deg_p50,fft_axis_alignment_error_deg_p95,fft_axis_alignment_error_deg_max,fft_primary_weight_share_mean,fft_primary_weight_share_p50,fft_primary_weight_share_p95,fft_primary_weight_share_max,fft_peak_count_mean,fft_peak_count_p50,fft_peak_count_p95,fft_peak_count_max,interpretation,initialization_frame_excluded,video_frame_count
hard,hard_01,frame_wise,frequency,ok,,9,9,9,90.0,90.0,90.0,90.0,0.0,0.0,0.0,0.0,0.0,0.0,0.0,0.0,0.05101657054889038,0.05088975419464832,0.05222271745737651,0.05228094638566156,1452.0,1452.0,1452.0,1452.0,frequency direction and axis regularity after geometric resampling; this is not a moire-suppression measurement,True,300
hard,hard_01,optical_flow,frequency,ok,,9,9,9,90.0,90.0,90.0,90.0,0.0,0.0,0.0,0.0,0.0,0.0,0.0,0.0,0.050750197047398755,0.05134176272106669,0.052396968863498476,0.052432517347450976,1452.0,1452.0,1452.0,1452.0,frequency direction and axis regularity after geometric resampling; this is not a moire-suppression measurement,True,300
hard,hard_01,proposed,frequency,ok,,9,9,9,88.66666666666667,88.0,90.0,90.0,1.3333333333333333,2.0,3.0,3.0,0.6666666666666666,1.0,1.5,1.5,0.05628830439437607,0.05639915079691024,0.06260935887964271,0.06444417239079239,1452.0,1452.0,1452.0,1452.0,frequency direction and axis regularity after geometric resampling; this is not a moire-suppression measurement,True,300
hard,hard_02,frame_wise,frequency,ok,,9,9,9,90.0,90.0,90.0,90.0,0.0,0.0,0.0,0.0,0.0,0.0,0.0,0.0,0.05101657054889038,0.05088975419464832,0.05222271745737651,0.05228094638566156,1452.0,1452.0,1452.0,1452.0,frequency direction and axis regularity after geometric resampling; this is not a moire-suppression measurement,True,300
hard,hard_02,optical_flow,frequency,ok,,9,9,9,90.0,90.0,90.0,90.0,0.0,0.0,0.0,0.0,0.0,0.0,0.0,0.0,0.050750197047398755,0.05134176272106669,0.052396968863498476,0.052432517347450976,1452.0,1452.0,1452.0,1452.0,frequency direction and axis regularity after geometric resampling; this is not a moire-suppression measurement,True,300
hard,hard_02,proposed,frequency,ok,,9,9,9,88.66666666666667,88.0,90.0,90.0,1.3333333333333333,2.0,3.0,3.0,0.6666666666666666,1.0,1.5,1.5,0.05628830439437607,0.05639915079691024,0.06260935887964271,0.06444417239079239,1452.0,1452.0,1452.0,1452.0,frequency direction and axis regularity after geometric resampling; this is not a moire-suppression measurement,True,300
hard,hard_03,frame_wise,frequency,ok,,9,9,9,90.0,90.0,90.0,90.0,0.0,0.0,0.0,0.0,0.0,0.0,0.0,0.0,0.05101657054889038,0.05088975419464832,0.05222271745737651,0.05228094638566156,1452.0,1452.0,1452.0,1452.0,frequency direction and axis regularity after geometric resampling; this is not a moire-suppression measurement,True,300
hard,hard_03,optical_flow,frequency,ok,,9,9,9,90.0,90.0,90.0,90.0,0.0,0.0,0.0,0.0,0.0,0.0,0.0,0.0,0.050750197047398755,0.05134176272106669,0.052396968863498476,0.052432517347450976,1452.0,1452.0,1452.0,1452.0,frequency direction and axis regularity after geometric resampling; this is not a moire-suppression measurement,True,300
hard,hard_03,proposed,frequency,ok,,9,9,9,88.66666666666667,88.0,90.0,90.0,1.3333333333333333,2.0,3.0,3.0,0.6666666666666666,1.0,1.5,1.5,0.05628830439437607,0.05639915079691024,0.06260935887964271,0.06444417239079239,1452.0,1452.0,1452.0,1452.0,frequency direction and axis regularity after geometric resampling; this is not a moire-suppression measurement,True,300
hard,hard_04,frame_wise,frequency,ok,,9,9,9,90.0,90.0,90.0,90.0,0.0,0.0,0.0,0.0,0.0,0.0,0.0,0.0,0.05101657054889038,0.05088975419464832,0.05222271745737651,0.05228094638566156,1452.0,1452.0,1452.0,1452.0,frequency direction and axis regularity after geometric resampling; this is not a moire-suppression measurement,True,300
hard,hard_04,optical_flow,frequency,ok,,9,9,9,90.0,90.0,90.0,90.0,0.0,0.0,0.0,0.0,0.0,0.0,0.0,0.0,0.050750197047398755,0.05134176272106669,0.052396968863498476,0.052432517347450976,1452.0,1452.0,1452.0,1452.0,frequency direction and axis regularity after geometric resampling; this is not a moire-suppression measurement,True,300
hard,hard_04,proposed,frequency,ok,,9,9,9,88.66666666666667,88.0,90.0,90.0,1.3333333333333333,2.0,3.0,3.0,0.6666666666666666,1.0,1.5,1.5,0.05628830439437607,0.05639915079691024,0.06260935887964271,0.06444417239079239,1452.0,1452.0,1452.0,1452.0,frequency direction and axis regularity after geometric resampling; this is not a moire-suppression measurement,True,300
hard,hard_05,frame_wise,frequency,ok,,9,9,9,90.0,90.0,90.0,90.0,0.0,0.0,0.0,0.0,0.0,0.0,0.0,0.0,0.05101657054889038,0.05088975419464832,0.05222271745737651,0.05228094638566156,1452.0,1452.0,1452.0,1452.0,frequency direction and axis regularity after geometric resampling; this is not a moire-suppression measurement,True,300
hard,hard_05,optical_flow,frequency,ok,,9,9,9,90.0,90.0,90.0,90.0,0.0,0.0,0.0,0.0,0.0,0.0,0.0,0.0,0.050750197047398755,0.05134176272106669,0.052396968863498476,0.052432517347450976,1452.0,1452.0,1452.0,1452.0,frequency direction and axis regularity after geometric resampling; this is not a moire-suppression measurement,True,300
hard,hard_05,proposed,frequency,ok,,9,9,9,88.66666666666667,88.0,90.0,90.0,1.3333333333333333,2.0,3.0,3.0,0.6666666666666666,1.0,1.5,1.5,0.05628830439437607,0.05639915079691024,0.06260935887964271,0.06444417239079239,1452.0,1452.0,1452.0,1452.0,frequency direction and axis regularity after geometric resampling; this is not a moire-suppression measurement,True,300
hard,hard_06,frame_wise,frequency,ok,,9,9,9,90.0,90.0,90.0,90.0,0.0,0.0,0.0,0.0,0.0,0.0,0.0,0.0,0.05101657054889038,0.05088975419464832,0.05222271745737651,0.05228094638566156,1452.0,1452.0,1452.0,1452.0,frequency direction and axis regularity after geometric resampling; this is not a moire-suppression measurement,True,300
hard,hard_06,optical_flow,frequency,ok,,9,9,9,90.0,90.0,90.0,90.0,0.0,0.0,0.0,0.0,0.0,0.0,0.0,0.0,0.050750197047398755,0.05134176272106669,0.052396968863498476,0.052432517347450976,1452.0,1452.0,1452.0,1452.0,frequency direction and axis regularity after geometric resampling; this is not a moire-suppression measurement,True,300
hard,hard_06,proposed,frequency,ok,,9,9,9,88.66666666666667,88.0,90.0,90.0,1.3333333333333333,2.0,3.0,3.0,0.6666666666666666,1.0,1.5,1.5,0.05628830439437607,0.05639915079691024,0.06260935887964271,0.06444417239079239,1452.0,1452.0,1452.0,1452.0,frequency direction and axis regularity after geometric resampling; this is not a moire-suppression measurement,True,300
hard,hard_07,frame_wise,frequency,ok,,9,9,9,90.0,90.0,90.0,90.0,0.0,0.0,0.0,0.0,0.0,0.0,0.0,0.0,0.05101657054889038,0.05088975419464832,0.05222271745737651,0.05228094638566156,1452.0,1452.0,1452.0,1452.0,frequency direction and axis regularity after geometric resampling; this is not a moire-suppression measurement,True,300
hard,hard_07,optical_flow,frequency,ok,,9,9,9,90.0,90.0,90.0,90.0,0.0,0.0,0.0,0.0,0.0,0.0,0.0,0.0,0.050750197047398755,0.05134176272106669,0.052396968863498476,0.052432517347450976,1452.0,1452.0,1452.0,1452.0,frequency direction and axis regularity after geometric resampling; this is not a moire-suppression measurement,True,300
hard,hard_07,proposed,frequency,ok,,9,9,9,88.66666666666667,88.0,90.0,90.0,1.3333333333333333,2.0,3.0,3.0,0.6666666666666666,1.0,1.5,1.5,0.05628830439437607,0.05639915079691024,0.06260935887964271,0.06444417239079239,1452.0,1452.0,1452.0,1452.0,frequency direction and axis regularity after geometric resampling; this is not a moire-suppression measurement,True,300
hard,hard_08,frame_wise,frequency,ok,,9,9,9,90.0,90.0,90.0,90.0,0.0,0.0,0.0,0.0,0.0,0.0,0.0,0.0,0.05101657054889038,0.05088975419464832,0.05222271745737651,0.05228094638566156,1452.0,1452.0,1452.0,1452.0,frequency direction and axis regularity after geometric resampling; this is not a moire-suppression measurement,True,300
hard,hard_08,optical_flow,frequency,ok,,9,9,9,90.0,90.0,90.0,90.0,0.0,0.0,0.0,0.0,0.0,0.0,0.0,0.0,0.050750197047398755,0.05134176272106669,0.052396968863498476,0.052432517347450976,1452.0,1452.0,1452.0,1452.0,frequency direction and axis regularity after geometric resampling; this is not a moire-suppression measurement,True,300
hard,hard_08,proposed,frequency,ok,,9,9,9,88.66666666666667,88.0,90.0,90.0,1.3333333333333333,2.0,3.0,3.0,0.6666666666666666,1.0,1.5,1.5,0.05628830439437607,0.05639915079691024,0.06260935887964271,0.06444417239079239,1452.0,1452.0,1452.0,1452.0,frequency direction and axis regularity after geometric resampling; this is not a moire-suppression measurement,True,300
hard,hard_09,frame_wise,frequency,ok,,9,9,9,90.0,90.0,90.0,90.0,0.0,0.0,0.0,0.0,0.0,0.0,0.0,0.0,0.05101657054889038,0.05088975419464832,0.05222271745737651,0.05228094638566156,1452.0,1452.0,1452.0,1452.0,frequency direction and axis regularity after geometric resampling; this is not a moire-suppression measurement,True,300
hard,hard_09,optical_flow,frequency,ok,,9,9,9,90.0,90.0,90.0,90.0,0.0,0.0,0.0,0.0,0.0,0.0,0.0,0.0,0.050750197047398755,0.05134176272106669,0.052396968863498476,0.052432517347450976,1452.0,1452.0,1452.0,1452.0,frequency direction and axis regularity after geometric resampling; this is not a moire-suppression measurement,True,300
hard,hard_09,proposed,frequency,ok,,9,9,9,88.66666666666667,88.0,90.0,90.0,1.3333333333333333,2.0,3.0,3.0,0.6666666666666666,1.0,1.5,1.5,0.05628830439437607,0.05639915079691024,0.06260935887964271,0.06444417239079239,1452.0,1452.0,1452.0,1452.0,frequency direction and axis regularity after geometric resampling; this is not a moire-suppression measurement,True,300
hard,hard_10,frame_wise,frequency,ok,,9,9,9,90.0,90.0,90.0,90.0,0.0,0.0,0.0,0.0,0.0,0.0,0.0,0.0,0.05101657054889038,0.05088975419464832,0.05222271745737651,0.05228094638566156,1452.0,1452.0,1452.0,1452.0,frequency direction and axis regularity after geometric resampling; this is not a moire-suppression measurement,True,300
hard,hard_10,optical_flow,frequency,ok,,9,9,9,90.0,90.0,90.0,90.0,0.0,0.0,0.0,0.0,0.0,0.0,0.0,0.0,0.050750197047398755,0.05134176272106669,0.052396968863498476,0.052432517347450976,1452.0,1452.0,1452.0,1452.0,frequency direction and axis regularity after geometric resampling; this is not a moire-suppression measurement,True,300
hard,hard_10,proposed,frequency,ok,,9,9,9,88.66666666666667,88.0,90.0,90.0,1.3333333333333333,2.0,3.0,3.0,0.6666666666666666,1.0,1.5,1.5,0.05628830439437607,0.05639915079691024,0.06260935887964271,0.06444417239079239,1452.0,1452.0,1452.0,1452.0,frequency direction and axis regularity after geometric resampling; this is not a moire-suppression measurement,True,300
screen_video,screen_video_01,frame_wise,frequency,ok,,9,9,9,89.44444444444444,89.0,90.0,90.0,0.5555555555555556,1.0,1.0,1.0,0.2777777777777778,0.5,0.5,0.5,0.10976110235006664,0.11528057103712445,0.1367497350172365,0.1481695223958136,1452.0,1452.0,1452.0,1452.0,frequency direction and axis regularity after geometric resampling; this is not a moire-suppression measurement,True,300
screen_video,screen_video_01,optical_flow,frequency,ok,,9,9,9,89.44444444444444,89.0,90.0,90.0,0.5555555555555556,1.0,1.0,1.0,0.2777777777777778,0.5,0.5,0.5,0.11041429967044869,0.11389321924867471,0.13605995985486968,0.14727243590693478,1452.0,1452.0,1452.0,1452.0,frequency direction and axis regularity after geometric resampling; this is not a moire-suppression measurement,True,300
screen_video,screen_video_01,proposed,frequency,ok,,9,9,9,90.0,90.0,90.0,90.0,0.0,0.0,0.0,0.0,0.0,0.0,0.0,0.0,0.10085735446568332,0.10463736339673536,0.12396756124428591,0.13260084182147144,1452.0,1452.0,1452.0,1452.0,frequency direction and axis regularity after geometric resampling; this is not a moire-suppression measurement,True,300
screen_video,screen_video_02,frame_wise,frequency,ok,,9,9,9,89.77777777777777,90.0,90.0,90.0,0.2222222222222222,0.0,1.0,1.0,0.1111111111111111,0.0,0.5,0.5,0.10986680441783113,0.10735866675735847,0.12774688537830642,0.13061132344985335,1452.0,1452.0,1452.0,1452.0,frequency direction and axis regularity after geometric resampling; this is not a moire-suppression measurement,True,300
screen_video,screen_video_02,optical_flow,frequency,ok,,9,9,9,89.55555555555556,90.0,90.0,90.0,0.4444444444444444,0.0,1.0,1.0,0.2222222222222222,0.0,0.5,0.5,0.10957547186173029,0.1100446520776189,0.12759179376753307,0.13056292683755563,1452.0,1452.0,1452.0,1452.0,frequency direction and axis regularity after geometric resampling; this is not a moire-suppression measurement,True,300
screen_video,screen_video_02,proposed,frequency,ok,,9,9,9,90.0,90.0,90.0,90.0,0.0,0.0,0.0,0.0,0.0,0.0,0.0,0.0,0.10576044487434769,0.1015276981312576,0.12359805032570105,0.12472306579699395,1452.0,1452.0,1452.0,1452.0,frequency direction and axis regularity after geometric resampling; this is not a moire-suppression measurement,True,300
screen_video,screen_video_03,frame_wise,frequency,ok,,9,9,9,89.0,89.0,90.0,90.0,1.0,1.0,2.799999999999999,4.0,1.1666666666666667,0.5,3.6999999999999993,4.5,0.09608397241037496,0.09909466585981182,0.11301692314768509,0.11662096994046334,1452.0,1452.0,1452.0,1452.0,frequency direction and axis regularity after geometric resampling; this is not a moire-suppression measurement,True,299
screen_video,screen_video_03,optical_flow,frequency,ok,,9,9,9,89.22222222222223,89.0,90.0,90.0,0.7777777777777778,1.0,1.5999999999999996,2.0,0.6111111111111112,0.5,1.9999999999999991,3.0,0.08917451983272964,0.0873748685166679,0.10534581918078155,0.11082861054964703,1452.0,1452.0,1452.0,1452.0,frequency direction and axis regularity after geometric resampling; this is not a moire-suppression measurement,True,299
screen_video,screen_video_03,proposed,frequency,ok,,9,9,9,89.66666666666667,90.0,90.0,90.0,0.3333333333333333,0.0,1.0,1.0,0.16666666666666666,0.0,0.5,0.5,0.08830506500360091,0.08699404381001269,0.10546031705599856,0.10910354821018624,1452.0,1452.0,1452.0,1452.0,frequency direction and axis regularity after geometric resampling; this is not a moire-suppression measurement,True,299
screen_video,screen_video_04,frame_wise,frequency,ok,,9,9,9,89.88888888888889,90.0,90.0,90.0,0.1111111111111111,0.0,0.5999999999999996,1.0,0.05555555555555555,0.0,0.2999999999999998,0.5,0.09518193426136655,0.08997573375423255,0.11858613903132202,0.12519819227607615,1452.0,1452.0,1452.0,1452.0,frequency direction and axis regularity after geometric resampling; this is not a moire-suppression measurement,True,299
screen_video,screen_video_04,optical_flow,frequency,ok,,9,9,9,89.77777777777777,90.0,90.0,90.0,0.2222222222222222,0.0,1.0,1.0,0.1111111111111111,0.0,0.5,0.5,0.09477337004480907,0.08960576445122928,0.12180140718619464,0.12699867275950283,1452.0,1452.0,1452.0,1452.0,frequency direction and axis regularity after geometric resampling; this is not a moire-suppression measurement,True,299
screen_video,screen_video_04,proposed,frequency,ok,,9,9,9,90.0,90.0,90.0,90.0,0.0,0.0,0.0,0.0,0.0,0.0,0.0,0.0,0.09198528941654344,0.08545407587330883,0.1183127185333139,0.1249028803541864,1452.0,1452.0,1452.0,1452.0,frequency direction and axis regularity after geometric resampling; this is not a moire-suppression measurement,True,299
screen_video,screen_video_05,frame_wise,frequency,ok,,9,9,9,89.77777777777777,90.0,90.0,90.0,0.2222222222222222,0.0,1.0,1.0,0.1111111111111111,0.0,0.5,0.5,0.0967263865579197,0.09496042801322654,0.10721759222089189,0.10981248642604687,1452.0,1452.0,1452.0,1452.0,frequency direction and axis regularity after geometric resampling; this is not a moire-suppression measurement,True,300
screen_video,screen_video_05,optical_flow,frequency,ok,,9,9,9,89.88888888888889,90.0,90.0,90.0,0.1111111111111111,0.0,0.5999999999999996,1.0,0.05555555555555555,0.0,0.2999999999999998,0.5,0.09750763640478927,0.09705292941097966,0.10552011108983769,0.10807765949218452,1452.0,1452.0,1452.0,1452.0,frequency direction and axis regularity after geometric resampling; this is not a moire-suppression measurement,True,300
screen_video,screen_video_05,proposed,frequency,ok,,9,9,9,90.0,90.0,90.0,90.0,0.0,0.0,0.0,0.0,0.0,0.0,0.0,0.0,0.09215765891363972,0.09230949607711184,0.09831420842846098,0.09832869880282041,1452.0,1452.0,1452.0,1452.0,frequency direction and axis regularity after geometric resampling; this is not a moire-suppression measurement,True,300
screen_video,screen_video_06,frame_wise,frequency,ok,,9,9,9,78.0,77.0,89.2,90.0,12.0,13.0,22.799999999999997,24.0,6.666666666666667,7.5,12.599999999999998,14.0,0.04180303839750572,0.02153793500005801,0.0862449390311452,0.08780675009170642,1452.0,1452.0,1452.0,1452.0,frequency direction and axis regularity after geometric resampling; this is not a moire-suppression measurement,True,300
screen_video,screen_video_06,optical_flow,frequency,ok,,9,9,9,81.66666666666667,83.0,89.0,89.0,8.333333333333334,7.0,19.599999999999998,22.0,4.944444444444445,3.5,11.8,12.0,0.04277385843054315,0.020941204741014168,0.09208168270577366,0.09582413757252578,1452.0,1452.0,1452.0,1452.0,frequency direction and axis regularity after geometric resampling; this is not a moire-suppression measurement,True,300
screen_video,screen_video_06,proposed,frequency,ok,,9,9,9,80.55555555555556,83.0,90.0,90.0,9.444444444444445,7.0,21.199999999999996,24.0,7.055555555555555,3.5,21.999999999999993,31.0,0.04786949312383572,0.02273129440482294,0.10304281456551555,0.10610744324604898,1452.0,1452.0,1452.0,1452.0,frequency direction and axis regularity after geometric resampling; this is not a moire-suppression measurement,True,300
screen_video,screen_video_07,frame_wise,frequency,ok,,9,9,9,81.0,85.0,89.2,90.0,9.0,5.0,21.799999999999997,25.0,4.722222222222222,2.5,10.899999999999999,12.5,0.03029538965491681,0.0211671549402963,0.05369056044246686,0.055495358394961,1452.0,1452.0,1452.0,1452.0,frequency direction and axis regularity after geometric resampling; this is not a moire-suppression measurement,True,300
screen_video,screen_video_07,optical_flow,frequency,ok,,9,9,9,79.55555555555556,79.0,89.0,89.0,10.444444444444445,11.0,23.4,25.0,6.111111111111111,6.5,12.899999999999999,14.5,0.025272657726996963,0.02164343130351745,0.036063503781028045,0.03643530774117157,1452.0,1452.0,1452.0,1452.0,frequency direction and axis regularity after geometric resampling; this is not a moire-suppression measurement,True,300
screen_video,screen_video_07,proposed,frequency,ok,,9,9,9,85.22222222222223,84.0,90.0,90.0,4.777777777777778,6.0,9.999999999999998,12.0,3.0555555555555554,3.0,5.8,6.0,0.032961163037598,0.03604544703914734,0.040855919113863784,0.04094019284862174,1452.0,1452.0,1452.0,1452.0,frequency direction and axis regularity after geometric resampling; this is not a moire-suppression measurement,True,300
screen_video,screen_video_08,frame_wise,frequency,ok,,9,9,9,78.88888888888889,82.0,85.2,86.0,11.11111111111111,8.0,20.999999999999996,25.0,7.0,7.0,11.899999999999999,12.5,0.02819869451767331,0.02345963108823591,0.05099395708860236,0.05962660091780365,1452.0,1452.0,1452.0,1452.0,frequency direction and axis regularity after geometric resampling; this is not a moire-suppression measurement,True,299
screen_video,screen_video_08,optical_flow,frequency,ok,,9,9,9,79.88888888888889,84.0,88.4,90.0,10.11111111111111,6.0,23.4,25.0,6.833333333333333,7.5,12.8,13.0,0.03285126861837583,0.02751701430723225,0.05376377461221583,0.053991154389279906,1452.0,1452.0,1452.0,1452.0,frequency direction and axis regularity after geometric resampling; this is not a moire-suppression measurement,True,299
screen_video,screen_video_08,proposed,frequency,ok,,9,9,9,86.33333333333333,87.0,89.6,90.0,3.6666666666666665,3.0,8.2,9.0,6.388888888888889,4.0,14.1,14.5,0.02773384601360993,0.028094285631308964,0.04451991071388793,0.0524161755837812,1452.0,1452.0,1452.0,1452.0,frequency direction and axis regularity after geometric resampling; this is not a moire-suppression measurement,True,299
screen_video,screen_video_09,frame_wise,frequency,ok,,9,9,9,88.22222222222223,88.0,90.0,90.0,1.7777777777777777,2.0,3.0,3.0,0.8888888888888888,1.0,1.5,1.5,0.04374925915165218,0.04148017226547603,0.05299304153276426,0.05346295618168802,1452.0,1452.0,1452.0,1452.0,frequency direction and axis regularity after geometric resampling; this is not a moire-suppression measurement,True,299
screen_video,screen_video_09,optical_flow,frequency,ok,,9,9,9,74.88888888888889,72.0,86.8,90.0,15.11111111111111,18.0,23.6,24.0,8.222222222222221,9.0,11.8,12.0,0.04183603908638957,0.03762212459740284,0.05460332659498039,0.05589531703665035,1452.0,1452.0,1452.0,1452.0,frequency direction and axis regularity after geometric resampling; this is not a moire-suppression measurement,True,299
screen_video,screen_video_09,proposed,frequency,ok,,9,9,9,88.33333333333333,88.0,90.0,90.0,1.6666666666666667,2.0,3.0,3.0,0.8333333333333334,1.0,1.5,1.5,0.043643892353181266,0.04322399909830765,0.05296104638025344,0.05430317654280107,1452.0,1452.0,1452.0,1452.0,frequency direction and axis regularity after geometric resampling; this is not a moire-suppression measurement,True,299
screen_video,screen_video_10,frame_wise,frequency,ok,,9,9,9,81.55555555555556,86.0,88.6,89.0,8.444444444444445,4.0,23.799999999999997,25.0,7.888888888888889,4.5,22.199999999999996,26.0,0.020311702238405793,0.020300198625813927,0.024995781534262306,0.025767764370152015,1452.0,1452.0,1452.0,1452.0,frequency direction and axis regularity after geometric resampling; this is not a moire-suppression measurement,True,300
screen_video,screen_video_10,optical_flow,frequency,ok,,9,9,9,80.11111111111111,80.0,90.0,90.0,9.88888888888889,10.0,23.4,25.0,9.5,7.5,22.299999999999997,25.5,0.021003315119653046,0.021030306034111972,0.02488210144048643,0.026072514364213765,1452.0,1452.0,1452.0,1452.0,frequency direction and axis regularity after geometric resampling; this is not a moire-suppression measurement,True,300
screen_video,screen_video_10,proposed,frequency,ok,,9,9,9,84.44444444444444,86.0,88.0,88.0,5.555555555555555,4.0,13.399999999999997,17.0,3.888888888888889,2.0,8.8,9.0,0.026583730231071426,0.022868518154119354,0.04356711671864862,0.0449388442392777,1452.0,1452.0,1452.0,1452.0,frequency direction and axis regularity after geometric resampling; this is not a moire-suppression measurement,True,300
scrolling,scrolling_01,frame_wise,frequency,ok,,9,9,9,89.0,89.0,89.0,89.0,1.0,1.0,1.0,1.0,0.5,0.5,0.5,0.5,0.058609999993736075,0.05720911704705687,0.06883534200417704,0.0689103748774398,1452.0,1452.0,1452.0,1452.0,frequency direction and axis regularity after geometric resampling; this is not a moire-suppression measurement,True,299
scrolling,scrolling_01,optical_flow,frequency,ok,,9,9,9,89.0,89.0,89.0,89.0,1.0,1.0,1.0,1.0,0.5,0.5,0.5,0.5,0.0591990767123765,0.06007871657565592,0.0685417132863748,0.06888747418250696,1452.0,1452.0,1452.0,1452.0,frequency direction and axis regularity after geometric resampling; this is not a moire-suppression measurement,True,299
scrolling,scrolling_01,proposed,frequency,ok,,9,9,9,90.0,90.0,90.0,90.0,0.0,0.0,0.0,0.0,0.0,0.0,0.0,0.0,0.07931279961983997,0.07868071687068559,0.08958664836937967,0.09146085964309042,1452.0,1452.0,1452.0,1452.0,frequency direction and axis regularity after geometric resampling; this is not a moire-suppression measurement,True,299
scrolling,scrolling_02,frame_wise,frequency,ok,,9,9,9,89.0,89.0,89.0,89.0,1.0,1.0,1.0,1.0,0.5,0.5,0.5,0.5,0.0588623748262694,0.06114999297960211,0.06604953906317483,0.06725621945787065,1452.0,1452.0,1452.0,1452.0,frequency direction and axis regularity after geometric resampling; this is not a moire-suppression measurement,True,300
scrolling,scrolling_02,optical_flow,frequency,ok,,9,9,9,89.0,89.0,89.0,89.0,1.0,1.0,1.0,1.0,0.5,0.5,0.5,0.5,0.057817243031357636,0.06014893746946525,0.06582280451950208,0.06771794460999232,1452.0,1452.0,1452.0,1452.0,frequency direction and axis regularity after geometric resampling; this is not a moire-suppression measurement,True,300
scrolling,scrolling_02,proposed,frequency,ok,,9,9,9,89.77777777777777,90.0,90.0,90.0,0.2222222222222222,0.0,1.0,1.0,0.1111111111111111,0.0,0.5,0.5,0.09086255178389152,0.11037267664120283,0.11745100268362794,0.11779568039730892,1452.0,1452.0,1452.0,1452.0,frequency direction and axis regularity after geometric resampling; this is not a moire-suppression measurement,True,300
scrolling,scrolling_03,frame_wise,frequency,ok,,9,9,9,89.0,89.0,89.0,89.0,1.0,1.0,1.0,1.0,0.5,0.5,0.5,0.5,0.057027672506185074,0.05532122082135315,0.06276766144464274,0.06371021592685826,1452.0,1452.0,1452.0,1452.0,frequency direction and axis regularity after geometric resampling; this is not a moire-suppression measurement,True,300
scrolling,scrolling_03,optical_flow,frequency,ok,,9,9,9,89.0,89.0,89.0,89.0,1.0,1.0,1.0,1.0,0.5,0.5,0.5,0.5,0.05678866223039283,0.057464160441899795,0.061227469339916483,0.06207849059461214,1452.0,1452.0,1452.0,1452.0,frequency direction and axis regularity after geometric resampling; this is not a moire-suppression measurement,True,300
scrolling,scrolling_03,proposed,frequency,ok,,9,9,9,89.55555555555556,90.0,90.0,90.0,0.4444444444444444,0.0,1.5999999999999996,2.0,0.2222222222222222,0.0,0.7999999999999998,1.0,0.10232557876674347,0.12183520964804896,0.13091152902154674,0.1312726399808249,1452.0,1452.0,1452.0,1452.0,frequency direction and axis regularity after geometric resampling; this is not a moire-suppression measurement,True,300
scrolling,scrolling_04,frame_wise,frequency,ok,,9,9,9,89.0,89.0,89.0,89.0,1.0,1.0,1.0,1.0,0.5,0.5,0.5,0.5,0.05543772328344938,0.05619475218257148,0.06031173210868761,0.06074782148061145,1452.0,1452.0,1452.0,1452.0,frequency direction and axis regularity after geometric resampling; this is not a moire-suppression measurement,True,299
scrolling,scrolling_04,optical_flow,frequency,ok,,9,9,9,89.0,89.0,89.0,89.0,1.0,1.0,1.0,1.0,0.5,0.5,0.5,0.5,0.05372260954859112,0.05264108686926843,0.059564937185794926,0.0612231694041146,1452.0,1452.0,1452.0,1452.0,frequency direction and axis regularity after geometric resampling; this is not a moire-suppression measurement,True,299
scrolling,scrolling_04,proposed,frequency,ok,,9,9,9,90.0,90.0,90.0,90.0,0.0,0.0,0.0,0.0,0.0,0.0,0.0,0.0,0.09243475416488452,0.10256834194203376,0.11454890850065384,0.11477470127277689,1452.0,1452.0,1452.0,1452.0,frequency direction and axis regularity after geometric resampling; this is not a moire-suppression measurement,True,299
scrolling,scrolling_05,frame_wise,frequency,ok,,9,9,9,89.0,89.0,89.0,89.0,1.0,1.0,1.0,1.0,0.5,0.5,0.5,0.5,0.05187827959339713,0.05188672735056064,0.05696968918707318,0.0583114560354065,1452.0,1452.0,1452.0,1452.0,frequency direction and axis regularity after geometric resampling; this is not a moire-suppression measurement,True,299
scrolling,scrolling_05,optical_flow,frequency,ok,,9,9,9,89.0,89.0,89.0,89.0,1.0,1.0,1.0,1.0,0.5,0.5,0.5,0.5,0.05262308682145765,0.05162231520306128,0.058183286503588956,0.05868529066005022,1452.0,1452.0,1452.0,1452.0,frequency direction and axis regularity after geometric resampling; this is not a moire-suppression measurement,True,299
scrolling,scrolling_05,proposed,frequency,ok,,9,9,9,90.0,90.0,90.0,90.0,0.0,0.0,0.0,0.0,0.0,0.0,0.0,0.0,0.09747265503419308,0.1161903709433755,0.11974241934523415,0.12030028119582646,1452.0,1452.0,1452.0,1452.0,frequency direction and axis regularity after geometric resampling; this is not a moire-suppression measurement,True,299
scrolling,scrolling_06,frame_wise,frequency,ok,,9,9,9,89.0,89.0,89.0,89.0,1.0,1.0,1.0,1.0,0.5,0.5,0.5,0.5,0.05781286814869575,0.057783753136371824,0.06039889045794444,0.0610500662681563,1452.0,1452.0,1452.0,1452.0,frequency direction and axis regularity after geometric resampling; this is not a moire-suppression measurement,True,300
scrolling,scrolling_06,optical_flow,frequency,ok,,9,9,9,89.0,89.0,89.0,89.0,1.0,1.0,1.0,1.0,0.5,0.5,0.5,0.5,0.05764379415297924,0.056955995077961036,0.061782078243261956,0.062313436090419214,1452.0,1452.0,1452.0,1452.0,frequency direction and axis regularity after geometric resampling; this is not a moire-suppression measurement,True,300
scrolling,scrolling_06,proposed,frequency,ok,,9,9,9,90.0,90.0,90.0,90.0,0.0,0.0,0.0,0.0,0.0,0.0,0.0,0.0,0.10488953038868687,0.12099689530539876,0.1368919880434007,0.13976008980800547,1452.0,1452.0,1452.0,1452.0,frequency direction and axis regularity after geometric resampling; this is not a moire-suppression measurement,True,300
scrolling,scrolling_07,frame_wise,frequency,ok,,9,9,9,87.44444444444444,89.0,89.6,90.0,2.5555555555555554,1.0,9.999999999999995,16.0,1.5,0.5,6.199999999999997,10.0,0.06724051085769828,0.05095320765637417,0.109340097791893,0.1160238530357176,1452.0,1452.0,1452.0,1452.0,frequency direction and axis regularity after geometric resampling; this is not a moire-suppression measurement,True,300
scrolling,scrolling_07,optical_flow,frequency,ok,,9,9,9,89.0,89.0,89.6,90.0,1.0,1.0,1.5999999999999996,2.0,0.5,0.5,0.7999999999999998,1.0,0.06773813805102363,0.053607127887765366,0.11018056642322963,0.11340148290476729,1452.0,1452.0,1452.0,1452.0,frequency direction and axis regularity after geometric resampling; this is not a moire-suppression measurement,True,300
scrolling,scrolling_07,proposed,frequency,ok,,9,9,9,90.0,90.0,90.0,90.0,0.0,0.0,0.0,0.0,0.0,0.0,0.0,0.0,0.0777729796119838,0.08811950715961216,0.09788259936144438,0.09799216719784046,1452.0,1452.0,1452.0,1452.0,frequency direction and axis regularity after geometric resampling; this is not a moire-suppression measurement,True,300
scrolling,scrolling_08,frame_wise,frequency,ok,,9,9,9,89.11111111111111,89.0,89.6,90.0,0.8888888888888888,1.0,1.0,1.0,0.4444444444444444,0.5,0.5,0.5,0.08808941796832163,0.087888580951022,0.11106460907881792,0.11264686581811895,1452.0,1452.0,1452.0,1452.0,frequency direction and axis regularity after geometric resampling; this is not a moire-suppression measurement,True,299
scrolling,scrolling_08,optical_flow,frequency,ok,,9,9,9,88.88888888888889,89.0,89.6,90.0,1.1111111111111112,1.0,2.1999999999999993,3.0,0.5555555555555556,0.5,1.0999999999999996,1.5,0.0859873160111617,0.08574337963616159,0.1035533704408164,0.103580727149624,1452.0,1452.0,1452.0,1452.0,frequency direction and axis regularity after geometric resampling; this is not a moire-suppression measurement,True,299
scrolling,scrolling_08,proposed,frequency,ok,,9,9,9,90.0,90.0,90.0,90.0,0.0,0.0,0.0,0.0,0.0,0.0,0.0,0.0,0.08747274876850977,0.09170556351968102,0.10249231262008497,0.10353524219238755,1452.0,1452.0,1452.0,1452.0,frequency direction and axis regularity after geometric resampling; this is not a moire-suppression measurement,True,299
scrolling,scrolling_09,frame_wise,frequency,ok,,9,9,9,89.0,89.0,89.6,90.0,1.0,1.0,1.5999999999999996,2.0,0.5,0.5,0.7999999999999998,1.0,0.08938784517939989,0.08634527224082587,0.11383923230071386,0.1234569489787423,1452.0,1452.0,1452.0,1452.0,frequency direction and axis regularity after geometric resampling; this is not a moire-suppression measurement,True,299
scrolling,scrolling_09,optical_flow,frequency,ok,,9,9,9,88.55555555555556,89.0,89.6,90.0,1.4444444444444444,1.0,3.799999999999999,5.0,0.8333333333333334,0.5,2.3,2.5,0.087886326586027,0.08690495955435634,0.11148418834407728,0.11922369487920145,1452.0,1452.0,1452.0,1452.0,frequency direction and axis regularity after geometric resampling; this is not a moire-suppression measurement,True,299
scrolling,scrolling_09,proposed,frequency,ok,,9,9,9,88.55555555555556,88.0,90.0,90.0,1.4444444444444444,2.0,3.1999999999999993,4.0,0.9444444444444444,1.0,2.799999999999999,4.0,0.09076877067011054,0.0919715149955266,0.11578612084022066,0.12207665568749479,1452.0,1452.0,1452.0,1452.0,frequency direction and axis regularity after geometric resampling; this is not a moire-suppression measurement,True,299
scrolling,scrolling_10,frame_wise,frequency,ok,,9,9,9,87.44444444444444,89.0,89.6,90.0,2.5555555555555554,1.0,7.399999999999999,9.0,2.0555555555555554,0.5,7.199999999999998,9.0,0.08261635410041988,0.07829932673231328,0.10614591165243259,0.10652845759945369,1452.0,1452.0,1452.0,1452.0,frequency direction and axis regularity after geometric resampling; this is not a moire-suppression measurement,True,300
scrolling,scrolling_10,optical_flow,frequency,ok,,9,9,9,89.11111111111111,89.0,90.0,90.0,0.8888888888888888,1.0,1.5999999999999996,2.0,0.6666666666666666,0.5,1.5,1.5,0.0895051782231642,0.09197547038855775,0.10966564001747099,0.11364049035452806,1452.2222222222222,1452.0,1453.2,1454.0,frequency direction and axis regularity after geometric resampling; this is not a moire-suppression measurement,True,300
scrolling,scrolling_10,proposed,frequency,ok,,9,9,9,89.44444444444444,90.0,90.0,90.0,0.5555555555555556,0.0,1.5999999999999996,2.0,0.2777777777777778,0.0,0.7999999999999998,1.0,0.07760592755198975,0.06979269758955059,0.10936395093655538,0.11078374655156123,1452.0,1452.0,1452.0,1452.0,frequency direction and axis regularity after geometric resampling; this is not a moire-suppression measurement,True,300
static,static_01,frame_wise,frequency,ok,,9,9,9,89.0,89.0,89.0,89.0,1.0,1.0,1.0,1.0,0.5,0.5,0.5,0.5,0.03685790717619933,0.036686219816883865,0.03773558931075124,0.03786365527676109,1452.0,1452.0,1452.0,1452.0,frequency direction and axis regularity after geometric resampling; this is not a moire-suppression measurement,True,300
static,static_01,optical_flow,frequency,ok,,9,9,9,89.11111111111111,89.0,89.6,90.0,0.8888888888888888,1.0,1.0,1.0,0.4444444444444444,0.5,0.5,0.5,0.036675972904668265,0.03696156569111351,0.037521507285482564,0.03768932588800175,1452.0,1452.0,1452.0,1452.0,frequency direction and axis regularity after geometric resampling; this is not a moire-suppression measurement,True,300
static,static_01,proposed,frequency,ok,,9,9,9,90.0,90.0,90.0,90.0,0.0,0.0,0.0,0.0,0.0,0.0,0.0,0.0,0.03694578959805865,0.036782723847158395,0.03796658688744125,0.038082355884583696,1452.0,1452.0,1452.0,1452.0,frequency direction and axis regularity after geometric resampling; this is not a moire-suppression measurement,True,300
static,static_02,frame_wise,frequency,ok,,9,9,9,89.44444444444444,89.0,90.0,90.0,0.5555555555555556,1.0,1.0,1.0,0.2777777777777778,0.5,0.5,0.5,0.04152339260257312,0.0420606046914654,0.04277284165412404,0.042800416684162915,1452.0,1452.0,1452.0,1452.0,frequency direction and axis regularity after geometric resampling; this is not a moire-suppression measurement,True,300
static,static_02,optical_flow,frequency,ok,,9,9,9,89.44444444444444,89.0,90.0,90.0,0.5555555555555556,1.0,1.0,1.0,0.2777777777777778,0.5,0.5,0.5,0.04211368670142958,0.041189452273107684,0.04621448441976038,0.04631044424632983,1452.0,1452.0,1452.0,1452.0,frequency direction and axis regularity after geometric resampling; this is not a moire-suppression measurement,True,300
static,static_02,proposed,frequency,ok,,9,9,9,90.0,90.0,90.0,90.0,0.0,0.0,0.0,0.0,0.0,0.0,0.0,0.0,0.048189995597945956,0.04825681993976974,0.05013753176566295,0.05025081401891489,1452.0,1452.0,1452.0,1452.0,frequency direction and axis regularity after geometric resampling; this is not a moire-suppression measurement,True,300
static,static_03,frame_wise,frequency,ok,,9,9,9,89.44444444444444,89.0,90.0,90.0,0.5555555555555556,1.0,1.0,1.0,0.2777777777777778,0.5,0.5,0.5,0.09055515369567556,0.08866490690917005,0.09917524911158247,0.09980928884955813,1452.0,1452.0,1452.0,1452.0,frequency direction and axis regularity after geometric resampling; this is not a moire-suppression measurement,True,300
static,static_03,optical_flow,frequency,ok,,9,9,9,89.55555555555556,90.0,90.0,90.0,0.4444444444444444,0.0,1.0,1.0,0.2222222222222222,0.0,0.5,0.5,0.09244142234746683,0.08801439896157369,0.10170308569535087,0.10260826884764655,1452.0,1452.0,1452.0,1452.0,frequency direction and axis regularity after geometric resampling; this is not a moire-suppression measurement,True,300
static,static_03,proposed,frequency,ok,,9,9,9,90.0,90.0,90.0,90.0,0.0,0.0,0.0,0.0,0.0,0.0,0.0,0.0,0.10626399480065318,0.10692574439277991,0.10833616607660612,0.10838605069451916,1452.0,1452.0,1452.0,1452.0,frequency direction and axis regularity after geometric resampling; this is not a moire-suppression measurement,True,300
static,static_04,frame_wise,frequency,ok,,9,9,9,87.55555555555556,89.0,90.0,90.0,2.4444444444444446,1.0,8.199999999999998,11.0,2.111111111111111,1.0,6.1,6.5,0.07491082917895858,0.0775720120564362,0.08185216781402715,0.08209662896610513,1452.0,1452.0,1452.0,1452.0,frequency direction and axis regularity after geometric resampling; this is not a moire-suppression measurement,True,296
static,static_04,optical_flow,frequency,ok,,9,9,9,89.55555555555556,90.0,90.0,90.0,0.4444444444444444,0.0,1.0,1.0,0.2222222222222222,0.0,0.5,0.5,0.07525919767690724,0.07682899491449816,0.08134006050235576,0.08372684399902962,1452.2222222222222,1452.0,1453.2,1454.0,frequency direction and axis regularity after geometric resampling; this is not a moire-suppression measurement,True,296
static,static_04,proposed,frequency,ok,,9,9,9,90.0,90.0,90.0,90.0,0.0,0.0,0.0,0.0,0.0,0.0,0.0,0.0,0.07814123085678479,0.07767547356472558,0.08072021008953169,0.08082542058621851,1452.0,1452.0,1452.0,1452.0,frequency direction and axis regularity after geometric resampling; this is not a moire-suppression measurement,True,296
static,static_05,frame_wise,frequency,ok,,9,9,9,89.11111111111111,89.0,89.6,90.0,0.8888888888888888,1.0,1.0,1.0,0.4444444444444444,0.5,0.5,0.5,0.04400656210668774,0.04438761485775759,0.04610089687996828,0.04650676673065661,1452.0,1452.0,1452.0,1452.0,frequency direction and axis regularity after geometric resampling; this is not a moire-suppression measurement,True,300
static,static_05,optical_flow,frequency,ok,,9,9,9,89.0,89.0,89.6,90.0,1.0,1.0,1.5999999999999996,2.0,0.5,0.5,0.7999999999999998,1.0,0.043434858618308994,0.044077426464464164,0.04559047087884301,0.04589913407282149,1452.0,1452.0,1452.0,1452.0,frequency direction and axis regularity after geometric resampling; this is not a moire-suppression measurement,True,300
static,static_05,proposed,frequency,ok,,9,9,9,90.0,90.0,90.0,90.0,0.0,0.0,0.0,0.0,0.0,0.0,0.0,0.0,0.04585389009652162,0.045931240776879045,0.048480286633619155,0.04938981505288749,1452.0,1452.0,1452.0,1452.0,frequency direction and axis regularity after geometric resampling; this is not a moire-suppression measurement,True,300
static,static_06,frame_wise,frequency,ok,,9,9,9,82.0,80.0,89.0,89.0,8.0,10.0,14.799999999999997,18.0,4.444444444444445,5.0,7.399999999999999,9.0,0.06262969958906145,0.06206841726674532,0.06848085578246482,0.06852839667341669,1452.0,1452.0,1452.0,1452.0,frequency direction and axis regularity after geometric resampling; this is not a moire-suppression measurement,True,300
static,static_06,optical_flow,frequency,ok,,9,9,9,90.0,90.0,90.0,90.0,0.0,0.0,0.0,0.0,0.0,0.0,0.0,0.0,0.07155788201650977,0.06875993818337749,0.0809323635527799,0.0847797362301406,1452.0,1452.0,1452.0,1452.0,frequency direction and axis regularity after geometric resampling; this is not a moire-suppression measurement,True,300
static,static_06,proposed,frequency,ok,,9,9,9,90.0,90.0,90.0,90.0,0.0,0.0,0.0,0.0,0.0,0.0,0.0,0.0,0.08687644813722059,0.08667156884987644,0.08778510423576096,0.08785316166984454,1452.0,1452.0,1452.0,1452.0,frequency direction and axis regularity after geometric resampling; this is not a moire-suppression measurement,True,300
static,static_07,frame_wise,frequency,ok,,9,9,9,88.33333333333333,89.0,90.0,90.0,1.6666666666666667,1.0,4.6,5.0,0.8333333333333334,0.5,2.3,2.5,0.0768100876187347,0.0744237758371795,0.09162586860023259,0.0935645416150307,1452.0,1452.0,1452.0,1452.0,frequency direction and axis regularity after geometric resampling; this is not a moire-suppression measurement,True,300
static,static_07,optical_flow,frequency,ok,,9,9,9,89.66666666666667,90.0,90.0,90.0,0.3333333333333333,0.0,1.0,1.0,0.16666666666666666,0.0,0.5,0.5,0.08403675149403336,0.08334642536148179,0.08689963674197639,0.08695736934605959,1452.0,1452.0,1452.0,1452.0,frequency direction and axis regularity after geometric resampling; this is not a moire-suppression measurement,True,300
static,static_07,proposed,frequency,ok,,9,9,9,90.0,90.0,90.0,90.0,0.0,0.0,0.0,0.0,0.0,0.0,0.0,0.0,0.0885694002516839,0.08902057217588369,0.09034491723857091,0.09070904702996284,1452.0,1452.0,1452.0,1452.0,frequency direction and axis regularity after geometric resampling; this is not a moire-suppression measurement,True,300
static,static_08,frame_wise,frequency,ok,,9,9,9,85.11111111111111,85.0,88.6,89.0,4.888888888888889,5.0,8.399999999999999,10.0,9.555555555555555,10.0,12.5,13.5,0.0812620170102357,0.0811354797589288,0.08693792952107805,0.08947167105969521,1452.0,1452.0,1452.0,1452.0,frequency direction and axis regularity after geometric resampling; this is not a moire-suppression measurement,True,299
static,static_08,optical_flow,frequency,ok,,9,9,9,85.0,85.0,87.0,87.0,5.0,5.0,6.6,7.0,11.055555555555555,10.5,12.3,12.5,0.08284747672772337,0.08189503855813121,0.08588084174120507,0.0866107709126595,1452.0,1452.0,1452.0,1452.0,frequency direction and axis regularity after geometric resampling; this is not a moire-suppression measurement,True,299
static,static_08,proposed,frequency,ok,,9,9,9,86.11111111111111,86.0,87.0,87.0,3.888888888888889,4.0,5.0,5.0,1.9444444444444444,2.0,2.5,2.5,0.12197589717320025,0.1173339574973794,0.15004272925969644,0.1524343655588438,1452.0,1452.0,1452.0,1452.0,frequency direction and axis regularity after geometric resampling; this is not a moire-suppression measurement,True,299
static,static_09,frame_wise,frequency,ok,,9,9,9,85.55555555555556,84.0,90.0,90.0,4.444444444444445,6.0,9.6,10.0,4.555555555555555,3.5,14.599999999999994,21.0,0.07596160245043365,0.06941401577287486,0.09169809097903897,0.09246195115687748,1452.0,1452.0,1452.0,1452.0,frequency direction and axis regularity after geometric resampling; this is not a moire-suppression measurement,True,299
static,static_09,optical_flow,frequency,ok,,9,9,9,86.22222222222223,84.0,90.0,90.0,3.7777777777777777,6.0,6.0,6.0,1.8888888888888888,3.0,3.0,3.0,0.07389405982614364,0.0701140457662385,0.08939290711121663,0.08993033401676012,1452.0,1452.0,1452.0,1452.0,frequency direction and axis regularity after geometric resampling; this is not a moire-suppression measurement,True,299
static,static_09,proposed,frequency,ok,,9,9,9,90.0,90.0,90.0,90.0,0.0,0.0,0.0,0.0,0.0,0.0,0.0,0.0,0.08862384391133109,0.08924305622475527,0.08989635298855729,0.08997156600853194,1452.0,1452.0,1452.0,1452.0,frequency direction and axis regularity after geometric resampling; this is not a moire-suppression measurement,True,299
static,static_10,frame_wise,frequency,ok,,9,9,9,88.55555555555556,89.0,90.0,90.0,1.4444444444444444,1.0,3.5999999999999996,4.0,0.7222222222222222,0.5,1.7999999999999998,2.0,0.07062259497100684,0.0688154994916224,0.08089077358854137,0.08165334069999712,1452.0,1452.0,1452.0,1452.0,frequency direction and axis regularity after geometric resampling; this is not a moire-suppression measurement,True,300
static,static_10,optical_flow,frequency,ok,,9,9,9,89.22222222222223,89.0,90.0,90.0,0.7777777777777778,1.0,1.0,1.0,0.3888888888888889,0.5,0.5,0.5,0.0798077412419555,0.08009166220955945,0.08155053060709404,0.08212756333178291,1452.0,1452.0,1452.0,1452.0,frequency direction and axis regularity after geometric resampling; this is not a moire-suppression measurement,True,300
static,static_10,proposed,frequency,ok,,9,9,9,90.0,90.0,90.0,90.0,0.0,0.0,0.0,0.0,0.0,0.0,0.0,0.0,0.08683590683571854,0.08678777584991694,0.08803420343539933,0.08844231212380907,1452.0,1452.0,1452.0,1452.0,frequency direction and axis regularity after geometric resampling; this is not a moire-suppression measurement,True,300
weak_border,weak_border_01,frame_wise,frequency,ok,,9,9,9,89.55555555555556,90.0,90.0,90.0,0.4444444444444444,0.0,1.5999999999999996,2.0,3.888888888888889,6.5,7.0,7.0,0.050290724886360265,0.048452450538331734,0.057634725964403,0.06006533007937843,1452.0,1452.0,1452.0,1452.0,frequency direction and axis regularity after geometric resampling; this is not a moire-suppression measurement,True,300
weak_border,weak_border_01,optical_flow,frequency,ok,,9,9,9,89.88888888888889,90.0,90.0,90.0,0.1111111111111111,0.0,0.5999999999999996,1.0,3.7222222222222223,5.0,7.0,7.0,0.05108054341245841,0.0497270008093594,0.05759389363001297,0.05779414891975318,1452.0,1452.0,1452.0,1452.0,frequency direction and axis regularity after geometric resampling; this is not a moire-suppression measurement,True,300
weak_border,weak_border_01,proposed,frequency,ok,,9,9,9,88.88888888888889,89.0,90.0,90.0,1.1111111111111112,1.0,2.0,2.0,0.5555555555555556,0.5,1.0,1.0,0.053372424447881615,0.052626604382259905,0.05863748465257988,0.06085791012025118,1452.0,1452.0,1452.0,1452.0,frequency direction and axis regularity after geometric resampling; this is not a moire-suppression measurement,True,300
weak_border,weak_border_02,frame_wise,frequency,ok,,9,9,9,90.0,90.0,90.0,90.0,0.0,0.0,0.0,0.0,0.0,0.0,0.0,0.0,0.05090261823210187,0.051146835281900845,0.05176774607799732,0.05194216669486314,1452.0,1452.0,1452.0,1452.0,frequency direction and axis regularity after geometric resampling; this is not a moire-suppression measurement,True,300
weak_border,weak_border_02,optical_flow,frequency,ok,,9,9,9,90.0,90.0,90.0,90.0,0.0,0.0,0.0,0.0,0.0,0.0,0.0,0.0,0.05155979340670323,0.05132250347819449,0.05329675340046474,0.05362506567925475,1452.0,1452.0,1452.0,1452.0,frequency direction and axis regularity after geometric resampling; this is not a moire-suppression measurement,True,300
weak_border,weak_border_02,proposed,frequency,ok,,9,9,9,88.44444444444444,88.0,90.0,90.0,1.5555555555555556,2.0,3.0,3.0,0.7777777777777778,1.0,1.5,1.5,0.052965218599918866,0.05329224505566231,0.055853979494051444,0.05615182275598193,1452.0,1452.0,1452.0,1452.0,frequency direction and axis regularity after geometric resampling; this is not a moire-suppression measurement,True,300
weak_border,weak_border_03,frame_wise,frequency,ok,,9,9,9,85.11111111111111,85.0,86.0,86.0,4.888888888888889,5.0,5.6,6.0,2.4444444444444446,2.5,2.8,3.0,0.04640496491959289,0.04674323046996927,0.048359212618830694,0.048837050980326036,1452.0,1452.0,1452.0,1452.0,frequency direction and axis regularity after geometric resampling; this is not a moire-suppression measurement,True,300
weak_border,weak_border_03,optical_flow,frequency,ok,,9,9,9,86.0,86.0,87.2,88.0,4.0,4.0,5.0,5.0,2.0,2.0,2.5,2.5,0.04698289505922057,0.047622474899305746,0.04858832894025161,0.04902015400127986,1452.0,1452.0,1452.0,1452.0,frequency direction and axis regularity after geometric resampling; this is not a moire-suppression measurement,True,300
weak_border,weak_border_03,proposed,frequency,ok,,9,9,9,89.44444444444444,90.0,90.0,90.0,0.5555555555555556,0.0,1.5999999999999996,2.0,0.2777777777777778,0.0,0.7999999999999998,1.0,0.05295698779139222,0.05325989593975976,0.05821081838048733,0.0599121004952102,1452.0,1452.0,1452.0,1452.0,frequency direction and axis regularity after geometric resampling; this is not a moire-suppression measurement,True,300
weak_border,weak_border_04,frame_wise,frequency,ok,,9,9,9,90.0,90.0,90.0,90.0,0.0,0.0,0.0,0.0,0.0,0.0,0.0,0.0,0.05090261823210187,0.051146835281900845,0.05176774607799732,0.05194216669486314,1452.0,1452.0,1452.0,1452.0,frequency direction and axis regularity after geometric resampling; this is not a moire-suppression measurement,True,300
weak_border,weak_border_04,optical_flow,frequency,ok,,9,9,9,90.0,90.0,90.0,90.0,0.0,0.0,0.0,0.0,0.0,0.0,0.0,0.0,0.05155979340670323,0.05132250347819449,0.05329675340046474,0.05362506567925475,1452.0,1452.0,1452.0,1452.0,frequency direction and axis regularity after geometric resampling; this is not a moire-suppression measurement,True,300
weak_border,weak_border_04,proposed,frequency,ok,,9,9,9,88.44444444444444,88.0,90.0,90.0,1.5555555555555556,2.0,3.0,3.0,0.7777777777777778,1.0,1.5,1.5,0.052965218599918866,0.05329224505566231,0.055853979494051444,0.05615182275598193,1452.0,1452.0,1452.0,1452.0,frequency direction and axis regularity after geometric resampling; this is not a moire-suppression measurement,True,300
weak_border,weak_border_05,frame_wise,frequency,ok,,9,9,9,89.55555555555556,90.0,90.0,90.0,0.4444444444444444,0.0,1.5999999999999996,2.0,3.888888888888889,6.5,7.0,7.0,0.050290724886360265,0.048452450538331734,0.057634725964403,0.06006533007937843,1452.0,1452.0,1452.0,1452.0,frequency direction and axis regularity after geometric resampling; this is not a moire-suppression measurement,True,300
weak_border,weak_border_05,optical_flow,frequency,ok,,9,9,9,89.88888888888889,90.0,90.0,90.0,0.1111111111111111,0.0,0.5999999999999996,1.0,3.7222222222222223,5.0,7.0,7.0,0.05108054341245841,0.0497270008093594,0.05759389363001297,0.05779414891975318,1452.0,1452.0,1452.0,1452.0,frequency direction and axis regularity after geometric resampling; this is not a moire-suppression measurement,True,300
weak_border,weak_border_05,proposed,frequency,ok,,9,9,9,88.88888888888889,89.0,90.0,90.0,1.1111111111111112,1.0,2.0,2.0,0.5555555555555556,0.5,1.0,1.0,0.053372424447881615,0.052626604382259905,0.05863748465257988,0.06085791012025118,1452.0,1452.0,1452.0,1452.0,frequency direction and axis regularity after geometric resampling; this is not a moire-suppression measurement,True,300
weak_border,weak_border_06,frame_wise,frequency,ok,,9,9,9,85.11111111111111,85.0,86.0,86.0,4.888888888888889,5.0,5.6,6.0,2.4444444444444446,2.5,2.8,3.0,0.04640496491959289,0.04674323046996927,0.048359212618830694,0.048837050980326036,1452.0,1452.0,1452.0,1452.0,frequency direction and axis regularity after geometric resampling; this is not a moire-suppression measurement,True,300
weak_border,weak_border_06,optical_flow,frequency,ok,,9,9,9,86.0,86.0,87.2,88.0,4.0,4.0,5.0,5.0,2.0,2.0,2.5,2.5,0.04698289505922057,0.047622474899305746,0.04858832894025161,0.04902015400127986,1452.0,1452.0,1452.0,1452.0,frequency direction and axis regularity after geometric resampling; this is not a moire-suppression measurement,True,300
weak_border,weak_border_06,proposed,frequency,ok,,9,9,9,89.44444444444444,90.0,90.0,90.0,0.5555555555555556,0.0,1.5999999999999996,2.0,0.2777777777777778,0.0,0.7999999999999998,1.0,0.05295698779139222,0.05325989593975976,0.05821081838048733,0.0599121004952102,1452.0,1452.0,1452.0,1452.0,frequency direction and axis regularity after geometric resampling; this is not a moire-suppression measurement,True,300
weak_border,weak_border_07,frame_wise,frequency,ok,,9,9,9,90.0,90.0,90.0,90.0,0.0,0.0,0.0,0.0,0.0,0.0,0.0,0.0,0.05090261823210187,0.051146835281900845,0.05176774607799732,0.05194216669486314,1452.0,1452.0,1452.0,1452.0,frequency direction and axis regularity after geometric resampling; this is not a moire-suppression measurement,True,300
weak_border,weak_border_07,optical_flow,frequency,ok,,9,9,9,90.0,90.0,90.0,90.0,0.0,0.0,0.0,0.0,0.0,0.0,0.0,0.0,0.05155979340670323,0.05132250347819449,0.05329675340046474,0.05362506567925475,1452.0,1452.0,1452.0,1452.0,frequency direction and axis regularity after geometric resampling; this is not a moire-suppression measurement,True,300
weak_border,weak_border_07,proposed,frequency,ok,,9,9,9,88.44444444444444,88.0,90.0,90.0,1.5555555555555556,2.0,3.0,3.0,0.7777777777777778,1.0,1.5,1.5,0.052965218599918866,0.05329224505566231,0.055853979494051444,0.05615182275598193,1452.0,1452.0,1452.0,1452.0,frequency direction and axis regularity after geometric resampling; this is not a moire-suppression measurement,True,300
weak_border,weak_border_08,frame_wise,frequency,ok,,9,9,9,89.55555555555556,90.0,90.0,90.0,0.4444444444444444,0.0,1.5999999999999996,2.0,3.888888888888889,6.5,7.0,7.0,0.050290724886360265,0.048452450538331734,0.057634725964403,0.06006533007937843,1452.0,1452.0,1452.0,1452.0,frequency direction and axis regularity after geometric resampling; this is not a moire-suppression measurement,True,300
weak_border,weak_border_08,optical_flow,frequency,ok,,9,9,9,89.88888888888889,90.0,90.0,90.0,0.1111111111111111,0.0,0.5999999999999996,1.0,3.7222222222222223,5.0,7.0,7.0,0.05108054341245841,0.0497270008093594,0.05759389363001297,0.05779414891975318,1452.0,1452.0,1452.0,1452.0,frequency direction and axis regularity after geometric resampling; this is not a moire-suppression measurement,True,300
weak_border,weak_border_08,proposed,frequency,ok,,9,9,9,88.88888888888889,89.0,90.0,90.0,1.1111111111111112,1.0,2.0,2.0,0.5555555555555556,0.5,1.0,1.0,0.053372424447881615,0.052626604382259905,0.05863748465257988,0.06085791012025118,1452.0,1452.0,1452.0,1452.0,frequency direction and axis regularity after geometric resampling; this is not a moire-suppression measurement,True,300
weak_border,weak_border_09,frame_wise,frequency,ok,,9,9,9,90.0,90.0,90.0,90.0,0.0,0.0,0.0,0.0,0.0,0.0,0.0,0.0,0.05090261823210187,0.051146835281900845,0.05176774607799732,0.05194216669486314,1452.0,1452.0,1452.0,1452.0,frequency direction and axis regularity after geometric resampling; this is not a moire-suppression measurement,True,300
weak_border,weak_border_09,optical_flow,frequency,ok,,9,9,9,90.0,90.0,90.0,90.0,0.0,0.0,0.0,0.0,0.0,0.0,0.0,0.0,0.05155979340670323,0.05132250347819449,0.05329675340046474,0.05362506567925475,1452.0,1452.0,1452.0,1452.0,frequency direction and axis regularity after geometric resampling; this is not a moire-suppression measurement,True,300
weak_border,weak_border_09,proposed,frequency,ok,,9,9,9,88.44444444444444,88.0,90.0,90.0,1.5555555555555556,2.0,3.0,3.0,0.7777777777777778,1.0,1.5,1.5,0.052965218599918866,0.05329224505566231,0.055853979494051444,0.05615182275598193,1452.0,1452.0,1452.0,1452.0,frequency direction and axis regularity after geometric resampling; this is not a moire-suppression measurement,True,300
weak_border,weak_border_10,frame_wise,frequency,ok,,9,9,9,85.11111111111111,85.0,86.0,86.0,4.888888888888889,5.0,5.6,6.0,2.4444444444444446,2.5,2.8,3.0,0.04640496491959289,0.04674323046996927,0.048359212618830694,0.048837050980326036,1452.0,1452.0,1452.0,1452.0,frequency direction and axis regularity after geometric resampling; this is not a moire-suppression measurement,True,300
weak_border,weak_border_10,optical_flow,frequency,ok,,9,9,9,86.0,86.0,87.2,88.0,4.0,4.0,5.0,5.0,2.0,2.0,2.5,2.5,0.04698289505922057,0.047622474899305746,0.04858832894025161,0.04902015400127986,1452.0,1452.0,1452.0,1452.0,frequency direction and axis regularity after geometric resampling; this is not a moire-suppression measurement,True,300
weak_border,weak_border_10,proposed,frequency,ok,,9,9,9,89.44444444444444,90.0,90.0,90.0,0.5555555555555556,0.0,1.5999999999999996,2.0,0.2777777777777778,0.0,0.7999999999999998,1.0,0.05295698779139222,0.05325989593975976,0.05821081838048733,0.0599121004952102,1452.0,1452.0,1452.0,1452.0,frequency direction and axis regularity after geometric resampling; this is not a moire-suppression measurement,True,300
